"FactionID","Name","KnessetNum","StartDate","FinishDate","IsCurrent","LastUpdatedDate"
3,ישראל אחת (2),15,1999-06-07 00:00:00,2001-05-15 00:00:00,0,2019-01-24 11:45:06
4,הליכוד,15,1999-06-07 00:00:00,2003-02-17 00:00:00,0,2019-01-24 11:45:06
5,"התאחדות הספרדים שומרי תורה - תנועת ש""ס",15,1999-06-07 00:00:00,2003-02-17 00:00:00,0,2019-01-24 11:45:06
6,מרצ,15,1999-06-07 00:00:00,2003-02-17 00:00:00,0,2019-01-24 11:45:06
7,איחוד לאומי - ישראל ביתנו,15,2000-02-01 00:00:00,2003-02-17 00:00:00,0,2019-01-24 11:45:06
8,שינוי - התנועה החילונית,15,1999-06-07 00:00:00,2003-02-17 00:00:00,0,2019-01-24 11:45:06
9,מפלגה דתית לאומית,15,1999-06-07 00:00:00,2003-02-17 00:00:00,0,2019-01-24 11:45:06
10,יהדות התורה,15,1999-06-07 00:00:00,2003-02-17 00:00:00,0,2019-01-24 11:45:06
11,ישראל בעליה,15,1999-06-07 00:00:00,2003-02-17 00:00:00,0,2019-01-24 11:45:06
12,גשר,15,2001-03-07 00:00:00,2003-02-17 00:00:00,0,2019-01-24 11:45:06
13,דרך חדשה,15,2001-03-06 00:00:00,2001-05-07 00:00:00,0,2019-01-24 11:45:06
14,חזית דמוקרטית לשלום ושוויון,15,1999-06-07 00:00:00,2003-02-17 00:00:00,0,2019-01-24 11:45:06
15,מפלגת המרכז,15,1999-06-07 00:00:00,2003-02-17 00:00:00,0,2019-01-24 11:45:06
16,רשימה ערבית מאוחדת,15,1999-06-07 00:00:00,2003-02-17 00:00:00,0,2019-01-24 11:45:06
17,בחירה דמוקרטית,15,1999-10-18 00:00:00,2003-02-17 00:00:00,0,2019-01-24 11:45:06
18,מפלגה לאומית ערבית,15,2001-02-19 00:00:00,2003-02-17 00:00:00,0,2019-01-24 11:45:06
19,עם אחד,15,1999-06-07 00:00:00,2003-02-17 00:00:00,0,2019-01-24 11:45:06
20,ברית לאומית דמוקרטית,15,1999-06-07 00:00:00,2003-02-17 00:00:00,0,2019-01-24 11:45:06
21,חרות - התנועה הלאומית,15,2000-02-01 00:00:00,2003-02-17 00:00:00,0,2019-01-24 11:45:06
22,תנועה ערבית להתחדשות,15,1999-12-21 00:00:00,2003-02-17 00:00:00,0,2019-01-24 11:45:06
23,עבודה - מימד,15,2001-05-15 00:00:00,2003-02-17 00:00:00,0,2019-01-24 11:45:06
24,הליכוד,16,2003-02-17 00:00:00,2006-04-17 00:00:00,0,2019-01-24 11:45:06
42,עבודה - מימד,16,2003-02-17 00:00:00,2005-05-23 00:00:00,0,2019-01-24 11:45:06
43,שינוי - התנועה החילונית,16,2003-02-17 00:00:00,2005-05-18 00:00:00,0,2019-01-24 11:45:06
44,"התאחדות הספרדים שומרי תורה - תנועת ש""ס",16,2003-02-17 00:00:00,2006-04-17 00:00:00,0,2019-01-24 11:45:06
45,איחוד לאומי,16,2003-02-17 00:00:00,2006-04-17 00:00:00,0,2019-01-24 11:45:06
46,מרצ - הבחירה הדמוקרטית-שחר,16,2003-02-17 00:00:00,2004-06-15 00:00:00,0,2019-01-24 11:45:06
47,עם אחד,16,2003-02-17 00:00:00,2005-05-23 00:00:00,0,2019-01-24 11:45:06
48,יהדות התורה,16,2003-02-17 00:00:00,2005-01-12 00:00:00,0,2019-01-24 11:45:06
49,מפלגה דתית לאומית,16,2003-02-17 00:00:00,2006-04-17 00:00:00,0,2019-01-24 11:45:06
50,"חד""ש - תע""ל",16,2003-02-17 00:00:00,2006-02-07 00:00:00,0,2019-01-24 11:45:06
51,ברית לאומית דמוקרטית,16,2003-02-17 00:00:00,2006-04-17 00:00:00,0,2019-01-24 11:45:06
52,רשימה ערבית מאוחדת,16,2003-02-17 00:00:00,2006-04-17 00:00:00,0,2019-01-24 11:45:06
53,ישראל בעליה,16,2003-02-17 00:00:00,2003-03-10 00:00:00,0,2019-01-24 11:45:06
62,יחד והבחירה הדמוקרטית,16,2004-06-15 00:00:00,2005-07-27 00:00:00,0,2019-01-24 11:45:06
83,מפלגת הפועלים המאוחדת,0,1948-02-14 00:00:00,1949-02-14 00:00:00,0,2019-01-24 11:45:06
85,אגודת ישראל,0,1948-02-14 00:00:00,1949-02-14 00:00:00,0,2019-01-24 11:45:06
87,מפלגת פועלי ארץ ישראל,0,1948-02-14 00:00:00,1949-02-14 00:00:00,0,2019-01-24 11:45:06
89,תנועת החירות,0,1948-02-14 00:00:00,1949-02-14 00:00:00,0,2019-01-24 11:45:06
91,הציונים הכלליים,0,1948-02-14 00:00:00,1949-02-14 00:00:00,0,2019-01-24 11:45:06
93,האיחוד הארצי של הספרדים,0,1948-02-14 00:00:00,1949-02-14 00:00:00,0,2019-01-24 11:45:06
95,המפלגה הפרוגרסיבית,0,1948-02-14 00:00:00,1949-02-14 00:00:00,0,2019-01-24 11:45:06
97,פועלי אגודת ישראל,0,1948-02-14 00:00:00,1949-02-14 00:00:00,0,2019-01-24 11:45:06
99,המפלגה הקומוניסטית הישראלית,0,1948-02-14 00:00:00,1949-02-14 00:00:00,0,2019-01-24 11:45:06
101,המזרחי ודתיים בלתי מפלגתיים,0,1948-02-14 00:00:00,1949-02-14 00:00:00,0,2019-01-24 11:45:06
103,"הסתדרות נשים ציוניות ""ויצו""",0,1948-02-14 00:00:00,1949-02-14 00:00:00,0,2019-01-24 11:45:06
105,מפלגת פועלים מאוחדת,1,1949-02-14 00:00:00,1951-08-20 00:00:00,0,2019-01-24 11:45:06
107,"המפד""ל",1,1949-02-14 00:00:00,1951-08-20 00:00:00,0,2019-01-24 11:45:06
109,מפלגת פועלי ארץ-ישראל,1,1949-02-14 00:00:00,1951-08-20 00:00:00,0,2019-01-24 11:45:06
111,רשימה דמוקרטית של נצרת,1,1949-02-14 00:00:00,1951-08-20 00:00:00,0,2019-01-24 11:45:06
113,הרשימה הדמוקרטית לערביי ישראל,1,1949-02-14 00:00:00,1951-08-20 00:00:00,0,2019-01-24 11:45:06
115,תנועת החרות,1,1949-02-14 00:00:00,1951-08-20 00:00:00,0,2019-01-24 11:45:06
117,ציונים כלליים,1,1949-02-14 00:00:00,1951-08-20 00:00:00,0,2019-01-24 11:45:06
119,ספרדים ועדות מזרח,1,1949-02-14 00:00:00,1951-08-20 00:00:00,0,2019-01-24 11:45:06
121,חקלאות ופיתוח,1,1949-02-14 00:00:00,1951-08-20 00:00:00,0,2019-01-24 11:45:06
123,מפלגה פרוגרסיבית,1,1949-02-14 00:00:00,1951-08-20 00:00:00,0,2019-01-24 11:45:06
125,רשימת הלוחמים,1,1949-02-14 00:00:00,1951-08-20 00:00:00,0,2019-01-24 11:45:06
127,פועלי אגודת ישראל,1,1949-02-14 00:00:00,1951-08-20 00:00:00,0,2019-01-24 11:45:06
129,מפלגה קומוניסטית ישראלית,1,1949-02-14 00:00:00,1951-08-20 00:00:00,0,2019-01-24 11:45:06
131,חזית דתית מאוחדת,1,1949-02-14 00:00:00,1951-08-20 00:00:00,0,2019-01-24 11:45:06
133,המזרחי ודתיים בלתי מפלגתיים,1,1949-02-14 00:00:00,1951-08-20 00:00:00,0,2019-01-24 11:45:06
135,עם התורה אגודת ישראל,1,1949-02-14 00:00:00,1951-08-20 00:00:00,0,2019-01-24 11:45:06
137,תורה ועבודה הפועל המזרחי,1,1949-02-14 00:00:00,1951-08-20 00:00:00,0,2019-01-24 11:45:06
139,התאחדות התימנים בישראל,1,1949-02-14 00:00:00,1951-08-20 00:00:00,0,2019-01-24 11:45:06
141,הקידמה והעבודה,1,1949-02-14 00:00:00,1951-08-20 00:00:00,0,2019-01-24 11:45:06
143,הספרדים,1,1949-02-14 00:00:00,1951-08-20 00:00:00,0,2019-01-24 11:45:06
145,"ויצ""ו",1,1949-02-14 00:00:00,1951-08-20 00:00:00,0,2019-01-24 11:45:06
147,מפלגת פועלים מאוחדת,2,1951-08-20 00:00:00,1955-08-15 00:00:00,0,2019-01-24 11:45:06
149,מפלגת פועלי ארץ-ישראל,2,1951-08-20 00:00:00,1955-08-15 00:00:00,0,2019-01-24 11:45:06
151,רשימה דמוקרטית לערביי ישראל,2,1951-08-20 00:00:00,1955-08-15 00:00:00,0,2019-01-24 11:45:06
153,תנועת החרות,2,1951-08-20 00:00:00,1955-08-15 00:00:00,0,2019-01-24 11:45:06
155,ציונים כלליים,2,1951-08-20 00:00:00,1955-08-15 00:00:00,0,2019-01-24 11:45:06
157,האיחוד הארצי של הספרדים,2,1951-08-20 00:00:00,1955-08-15 00:00:00,0,2019-01-24 11:45:06
159,חקלאות ופיתוח,2,1951-08-20 00:00:00,1955-08-15 00:00:00,0,2019-01-24 11:45:06
161,מפלגה פרוגרסיבית,2,1951-08-20 00:00:00,1955-08-15 00:00:00,0,2019-01-24 11:45:06
163,אחדות העבודה - פועלי ציון,2,1954-08-23 00:00:00,1955-08-15 00:00:00,0,2019-01-24 11:45:06
165,פועלי אגודת ישראל,2,1951-08-20 00:00:00,1955-08-15 00:00:00,0,2019-01-24 11:45:06
167,מפלגה קומוניסטית ישראלית,2,1951-08-20 00:00:00,1955-08-15 00:00:00,0,2019-01-24 11:45:06
169,מזרחי,2,1951-08-20 00:00:00,1955-08-15 00:00:00,0,2019-01-24 11:45:06
171,אגודת ישראל,2,1951-08-20 00:00:00,1955-08-15 00:00:00,0,2019-01-24 11:45:06
173,פועל מזרחי,2,1951-08-20 00:00:00,1955-08-15 00:00:00,0,2019-01-24 11:45:06
175,חזית דתית לאומית,2,1951-08-20 00:00:00,1955-08-15 00:00:00,0,2019-01-24 11:45:06
177,חזית דתית תורתית,2,1951-08-20 00:00:00,1955-08-15 00:00:00,0,2019-01-24 11:45:06
179,התאחדות התימנים בישראל,2,1951-08-20 00:00:00,1951-09-10 00:00:00,0,2019-01-24 11:45:06
181,קידמה ועבודה,2,1951-08-20 00:00:00,1955-08-15 00:00:00,0,2019-01-24 11:45:06
183,ספרדים ועדות מזרח,2,1951-08-20 00:00:00,1951-09-10 00:00:00,0,2019-01-24 11:45:06
185,מפלגת פועלים מאוחדת,3,1955-08-15 00:00:00,1959-11-30 00:00:00,0,2019-01-24 11:45:06
187,הקידמה והפיתוח,3,1955-08-15 00:00:00,1959-11-30 00:00:00,0,2019-01-24 11:45:06
189,מפלגת פועלי ארץ-ישראל,3,1955-08-15 00:00:00,1959-11-30 00:00:00,0,2019-01-24 11:45:06
191,רשימה דמוקרטית לערביי ישראל,3,1955-08-15 00:00:00,1959-11-30 00:00:00,0,2019-01-24 11:45:06
193,תנועת החרות,3,1955-08-15 00:00:00,1959-11-30 00:00:00,0,2019-01-24 11:45:06
195,ציונים כלליים,3,1955-08-15 00:00:00,1959-11-30 00:00:00,0,2019-01-24 11:45:06
197,חקלאות ופיתוח,3,1955-08-15 00:00:00,1959-11-30 00:00:00,0,2019-01-24 11:45:06
199,מפלגה פרוגרסיבית,3,1955-08-15 00:00:00,1959-11-30 00:00:00,0,2019-01-24 11:45:06
201,השיתוף והאחוה,3,1955-08-15 00:00:00,1959-11-30 00:00:00,0,2019-01-24 11:45:06
203,אחדות העבודה - פועלי ציון,3,1955-08-15 00:00:00,1959-11-30 00:00:00,0,2019-01-24 11:45:06
205,מפלגה קומוניסטית ישראלית,3,1955-08-15 00:00:00,1959-11-30 00:00:00,0,2019-01-24 11:45:06
207,חזית דתית לאומית,3,1955-08-15 00:00:00,1955-10-31 00:00:00,0,2019-01-24 11:45:06
209,חזית דתית תורתית,3,1955-08-15 00:00:00,1955-11-03 00:00:00,0,2019-01-24 11:45:06
211,קידמה ועבודה,3,1955-08-15 00:00:00,1959-11-30 00:00:00,0,2019-01-24 11:45:06
213,מפלגת פועלים מאוחדת,4,1959-11-30 00:00:00,1961-09-04 00:00:00,0,2019-01-24 11:45:06
215,אגודת ישראל,4,1960-08-09 00:00:00,1961-09-04 00:00:00,0,2019-01-24 11:45:06
217,קידמה ופיתוח,4,1959-11-30 00:00:00,1961-09-04 00:00:00,0,2019-01-24 11:45:06
219,מפלגת פועלי ארץ-ישראל,4,1959-11-30 00:00:00,1961-09-04 00:00:00,0,2019-01-24 11:45:06
221,תנועת החרות,4,1959-11-30 00:00:00,1961-09-04 00:00:00,0,2019-01-24 11:45:06
223,ציונים כלליים,4,1959-11-30 00:00:00,1961-05-08 00:00:00,0,2019-01-24 11:45:06
225,חקלאות ופיתוח,4,1959-11-30 00:00:00,1961-09-04 00:00:00,0,2019-01-24 11:45:06
227,מפלגה פרוגרסיבית,4,1959-11-30 00:00:00,1961-05-08 00:00:00,0,2019-01-24 11:45:06
229,שיתוף ואחווה,4,1959-11-30 00:00:00,1961-09-04 00:00:00,0,2019-01-24 11:45:06
231,אחדות העבודה - פועלי ציון,4,1959-11-30 00:00:00,1961-09-04 00:00:00,0,2019-01-24 11:45:06
233,פועלי אגודת ישראל,4,1960-08-09 00:00:00,1961-09-04 00:00:00,0,2019-01-24 11:45:06
235,מפלגה קומוניסטית ישראלית,4,1959-11-30 00:00:00,1961-09-04 00:00:00,0,2019-01-24 11:45:06
237,מפלגה דתית לאומית,4,1959-11-30 00:00:00,1961-09-04 00:00:00,0,2019-01-24 11:45:06
239,חזית דתית תורתית,4,1959-11-30 00:00:00,1960-08-09 00:00:00,0,2019-01-24 11:45:06
241,מפלגה ליברלית ישראלית,4,1961-05-08 00:00:00,1961-09-04 00:00:00,0,2019-01-24 11:45:06
243,מפלגת פועלים מאוחדת,5,1961-09-04 00:00:00,1965-11-22 00:00:00,0,2019-01-24 11:45:06
245,אגודת ישראל,5,1961-09-04 00:00:00,1965-11-22 00:00:00,0,2019-01-24 11:45:06
247,המפלגה הליברלית החדשה,5,1961-09-04 00:00:00,1965-11-22 00:00:00,0,2019-01-24 11:45:06
249,קידמה ופיתוח,5,1961-09-04 00:00:00,1965-11-22 00:00:00,0,2019-01-24 11:45:06
251,מפלגת פועלי ארץ-ישראל,5,1961-09-04 00:00:00,1965-11-22 00:00:00,0,2019-01-24 11:45:06
253,תנועת החרות,5,1961-09-04 00:00:00,1965-05-25 00:00:00,0,2019-01-24 11:45:06
255,גוש חרות ליברלים,5,1965-05-25 00:00:00,1965-11-22 00:00:00,0,2019-01-24 11:45:06
257,רשימת פועלים ישראלית,5,1965-07-14 00:00:00,1965-11-22 00:00:00,0,2019-01-24 11:45:06
259,שיתוף ואחווה,5,1961-09-04 00:00:00,1965-11-22 00:00:00,0,2019-01-24 11:45:06
261,אחדות העבודה - פועלי ציון,5,1961-09-04 00:00:00,1965-11-22 00:00:00,0,2019-01-24 11:45:06
263,פועלי אגודת ישראל,5,1961-09-04 00:00:00,1965-11-22 00:00:00,0,2019-01-24 11:45:06
265,מפלגה קומוניסטית ישראלית,5,1961-09-04 00:00:00,1965-11-22 00:00:00,0,2019-01-24 11:45:06
267,המערך,5,1961-09-04 00:00:00,1965-11-22 00:00:00,0,2019-01-24 11:45:06
269,מפלגה דתית לאומית,5,1961-09-04 00:00:00,1965-11-22 00:00:00,0,2019-01-24 11:45:06
271,מפלגה ליברלית ישראלית,5,1961-09-04 00:00:00,1965-05-25 00:00:00,0,2019-01-24 11:45:06
273,ליברלים עצמאיים,5,1965-03-16 00:00:00,1965-11-22 00:00:00,0,2019-01-24 11:45:06
275,רשימה קומוניסטית חדשה,5,1965-09-01 00:00:00,1965-11-22 00:00:00,0,2019-01-24 11:45:06
277,העולם הזה - כוח חדש,5,1961-09-04 00:00:00,1965-11-22 00:00:00,0,2019-01-24 11:45:06
279,מפלגת פועלים מאוחדת,6,1965-11-22 00:00:00,1969-01-28 00:00:00,0,2019-01-24 11:45:06
281,"המפד""ל",6,1965-11-22 00:00:00,1969-11-17 00:00:00,0,2019-01-24 11:45:06
283,אגודת ישראל,6,1965-11-22 00:00:00,1969-11-17 00:00:00,0,2019-01-24 11:45:06
285,קידמה ופיתוח,6,1965-11-22 00:00:00,1966-07-05 00:00:00,0,2019-01-24 11:45:06
287,גוש חרות ליברלים,6,1965-11-22 00:00:00,1969-11-17 00:00:00,0,2019-01-24 11:45:06
289,רשימת פועלים ישראלית,6,1965-11-22 00:00:00,1968-01-23 00:00:00,0,2019-01-24 11:45:06
291,שיתוף ואחווה,6,1965-11-22 00:00:00,1966-07-05 00:00:00,0,2019-01-24 11:45:06
293,פועלי אגודת ישראל,6,1965-11-22 00:00:00,1969-11-17 00:00:00,0,2019-01-24 11:45:06
295,מפלגה קומוניסטית ישראלית,6,1965-11-22 00:00:00,1969-11-17 00:00:00,0,2019-01-24 11:45:06
297,אחווה יהודית - ערבית,6,1968-10-22 00:00:00,1969-11-17 00:00:00,0,2019-01-24 11:45:06
299,מערך,6,1969-01-28 00:00:00,1969-11-17 00:00:00,0,2019-01-24 11:45:06
301,רשימה ממלכתית,6,1965-11-22 00:00:00,1969-11-17 00:00:00,0,2019-01-24 11:45:06
303,מפלגה דתית לאומית,6,1965-11-22 00:00:00,1969-11-17 00:00:00,0,2019-01-24 11:45:06
305,ליברלים עצמאיים,6,1965-11-22 00:00:00,1969-11-17 00:00:00,0,2019-01-24 11:45:06
307,מרכז חופשי,6,1967-03-29 00:00:00,1969-11-17 00:00:00,0,2019-01-24 11:45:06
309,רשימה קומוניסטית חדשה,6,1965-11-22 00:00:00,1969-11-17 00:00:00,0,2019-01-24 11:45:06
311,העולם הזה - כוח חדש,6,1965-11-22 00:00:00,1969-11-17 00:00:00,0,2019-01-24 11:45:06
313,הליכוד,7,1969-11-17 00:00:00,1974-01-21 00:00:00,0,2019-01-24 11:45:06
315,מפלגה דתית לאומית,7,1969-11-17 00:00:00,1974-01-21 00:00:00,0,2019-01-24 11:45:06
317,התנועה לזכויות האזרח ולשלום,7,1969-11-17 00:00:00,1974-01-21 00:00:00,0,2019-01-24 11:45:06
319,אגודת ישראל,7,1969-11-17 00:00:00,1974-01-21 00:00:00,0,2019-01-24 11:45:06
321,קידמה ופיתוח,7,1969-11-17 00:00:00,1974-01-21 00:00:00,0,2019-01-24 11:45:06
323,לבדוים ולכפרים,7,1969-11-17 00:00:00,1974-01-21 00:00:00,0,2019-01-24 11:45:06
325,גוש חרות ליברלים,7,1969-11-17 00:00:00,1974-01-21 00:00:00,0,2019-01-24 11:45:06
327,רשימת פועלי ישראל,7,1969-11-17 00:00:00,1974-01-21 00:00:00,0,2019-01-24 11:45:06
329,שיתוף ואחווה,7,1969-11-17 00:00:00,1974-01-21 00:00:00,0,2019-01-24 11:45:06
331,פועלי אגודת ישראל,7,1969-11-17 00:00:00,1974-01-21 00:00:00,0,2019-01-24 11:45:06
333,מפלגה קומוניסטית ישראלית,7,1969-11-17 00:00:00,1973-07-25 00:00:00,0,2019-01-24 11:45:06
335,סיעת האחווה הערבית היהודית,7,1969-11-17 00:00:00,1974-01-21 00:00:00,0,2019-01-24 11:45:06
337,מערך,7,1969-11-17 00:00:00,1974-01-21 00:00:00,0,2019-01-24 11:45:06
339,רשימה ממלכתית,7,1969-11-17 00:00:00,1974-01-21 00:00:00,0,2019-01-24 11:45:06
341,חזית דתית לאומית,7,1969-11-17 00:00:00,1974-01-21 00:00:00,0,2019-01-24 11:45:06
343,חזית דתית תורתית,7,1969-11-17 00:00:00,1974-01-21 00:00:00,0,2019-01-24 11:45:06
345,מוקד,7,1973-07-25 00:00:00,1974-01-21 00:00:00,0,2019-01-24 11:45:06
347,ליברלים עצמאיים,7,1969-11-17 00:00:00,1974-01-21 00:00:00,0,2019-01-24 11:45:06
349,מרכז חופשי,7,1969-11-17 00:00:00,1974-01-21 00:00:00,0,2019-01-24 11:45:06
351,רשימה קומוניסטית חדשה,7,1969-11-17 00:00:00,1974-01-21 00:00:00,0,2019-01-24 11:45:06
353,העולם הזה - כוח חדש,7,1969-11-17 00:00:00,1973-07-03 00:00:00,0,2019-01-24 11:45:06
355,הליכוד,8,1974-01-21 00:00:00,1977-06-13 00:00:00,0,2019-01-24 11:45:06
357,מפלגה דתית לאומית,8,1974-01-21 00:00:00,1977-06-13 00:00:00,0,2019-01-24 11:45:06
359,"ר""ץ",8,1974-01-21 00:00:00,1975-06-03 00:00:00,0,2019-01-24 11:45:06
361,אגודת ישראל,8,1977-03-15 00:00:00,1977-06-13 00:00:00,0,2019-01-24 11:45:06
363,"חד""ש - בל""ד",8,1974-01-21 00:00:00,1977-06-13 00:00:00,0,2019-01-24 11:45:06
365,קידמה ופיתוח,8,1974-01-21 00:00:00,1974-02-26 00:00:00,0,2019-01-24 11:45:06
367,רשימה ערבית לבדואים וכפריים,8,1974-01-21 00:00:00,1974-02-26 00:00:00,0,2019-01-24 11:45:06
369,רשימה ערבית מאוחדת (ישן),8,1977-03-08 00:00:00,1977-06-13 00:00:00,0,2019-01-24 11:45:06
371,פועלי אגודת ישראל,8,1977-03-15 00:00:00,1977-06-13 00:00:00,0,2019-01-24 11:45:06
373,התנועה הדמוקרטית לשינוי,8,1974-01-21 00:00:00,1977-06-13 00:00:00,0,2019-01-24 11:45:06
375,מערך,8,1974-01-21 00:00:00,1977-06-13 00:00:00,0,2019-01-24 11:45:06
377,"מחנה של""י",8,1974-01-21 00:00:00,1977-06-13 00:00:00,0,2019-01-24 11:45:06
379,חזית דתית תורתית,8,1974-01-21 00:00:00,1977-03-15 00:00:00,0,2019-01-24 11:45:06
381,ליברלים עצמאיים,9,1977-06-13 00:00:00,1981-07-20 00:00:00,0,2019-01-24 11:45:06
383,פלאטו שרון,9,1977-06-13 00:00:00,1978-02-28 00:00:00,0,2019-01-24 11:45:06
385,מוקד,8,1974-01-21 00:00:00,1977-06-13 00:00:00,0,2019-01-24 11:45:06
387,ליברלים עצמאיים,8,1974-01-21 00:00:00,1977-06-13 00:00:00,0,2019-01-24 11:45:06
389,רשימה קומוניסטית חדשה,8,1974-01-21 00:00:00,1977-03-15 00:00:00,0,2019-01-24 11:45:06
391,חזית דמוקרטית לשלום ושוויון,8,1977-03-15 00:00:00,1977-06-13 00:00:00,0,2019-01-24 11:45:06
393,שלומציון,9,1977-06-13 00:00:00,1977-07-05 00:00:00,0,2019-01-24 11:45:06
395,סיעת יחיד,9,1977-06-13 00:00:00,1981-07-20 00:00:00,0,2019-01-24 11:45:06
397,הליכוד,9,1977-06-13 00:00:00,1981-07-20 00:00:00,0,2019-01-24 11:45:06
399,מפלגה דתית לאומית,9,1977-06-13 00:00:00,1981-07-20 00:00:00,0,2019-01-24 11:45:06
401,"תמ""י",9,1977-06-13 00:00:00,1981-07-20 00:00:00,0,2019-01-24 11:45:06
403,התחי-ה,9,1977-06-13 00:00:00,1981-07-20 00:00:00,0,2019-01-24 11:45:06
405,"ר""ץ",9,1977-06-13 00:00:00,1981-07-20 00:00:00,0,2019-01-24 11:45:06
407,שינוי - מפלגת מרכז,9,1980-07-29 00:00:00,1981-07-20 00:00:00,0,2019-01-24 11:45:06
409,אגודת ישראל,9,1977-06-13 00:00:00,1981-07-20 00:00:00,0,2019-01-24 11:45:06
411,"חד""ש - בל""ד",9,1977-06-13 00:00:00,1981-07-20 00:00:00,0,2019-01-24 11:45:06
413,תנועה לשינוי ויוזמה,9,1978-09-14 00:00:00,1980-07-29 00:00:00,0,2019-01-24 11:45:06
415,שוויון בישראל - פנתרים,9,1980-11-11 00:00:00,1981-07-20 00:00:00,0,2019-01-24 11:45:06
417,הקידמה והפיתוח,9,1977-06-13 00:00:00,1981-07-20 00:00:00,0,2019-01-24 11:45:06
419,רשימה ערבית מאוחדת (ישן),9,1977-06-13 00:00:00,1981-07-20 00:00:00,0,2019-01-24 11:45:06
421,תנועה להתחדשות ממלכתית,9,1981-05-19 00:00:00,1981-07-20 00:00:00,0,2019-01-24 11:45:06
422,דגל התורה,16,2005-01-12 00:00:00,2006-04-17 00:00:00,0,2019-01-24 11:45:06
423,תנועה דמוקרטית לשינוי,9,1977-06-13 00:00:00,1978-09-14 00:00:00,0,2019-01-24 11:45:06
424,אגודת ישראל,16,2005-01-12 00:00:00,2006-04-17 00:00:00,0,2019-01-24 11:45:06
425,תנועה דמוקרטית,9,1978-09-14 00:00:00,1981-03-10 00:00:00,0,2019-01-24 11:45:06
427,ישראל אחת (1),9,1980-11-11 00:00:00,1981-07-20 00:00:00,0,2019-01-24 11:45:06
429,פועלי אגודת ישראל,9,1977-06-13 00:00:00,1981-07-20 00:00:00,0,2019-01-24 11:45:06
431,מערך,9,1977-06-13 00:00:00,1981-07-20 00:00:00,0,2019-01-24 11:45:06
433,"מחנה של""י",9,1977-06-13 00:00:00,1981-07-20 00:00:00,0,2019-01-24 11:45:06
435,חזית דמוקרטית לשלום ושוויון,9,1977-06-13 00:00:00,1981-07-20 00:00:00,0,2019-01-24 11:45:06
437,אחווה,9,1980-07-08 00:00:00,1981-07-20 00:00:00,0,2019-01-24 11:45:06
439,יעד (2),9,1978-09-14 00:00:00,1981-07-20 00:00:00,0,2019-01-24 11:45:06
441,הליכוד,10,1981-07-20 00:00:00,1984-08-13 00:00:00,0,2019-01-24 11:45:06
442,התחברות,16,2005-03-21 00:00:00,2005-05-16 00:00:00,0,2019-01-24 11:45:06
443,מפלגת הפועלים המאוחדת,10,1981-07-20 00:00:00,1984-08-13 00:00:00,0,2019-01-24 11:45:06
444,ציונות לאומית דתית מתחדשת,16,2005-05-16 00:00:00,2006-04-17 00:00:00,0,2019-01-24 11:45:06
445,מפלגה דתית לאומית,10,1981-07-20 00:00:00,1984-08-13 00:00:00,0,2019-01-24 11:45:06
447,תנועה למסורת ישראל,10,1981-07-20 00:00:00,1984-08-13 00:00:00,0,2019-01-24 11:45:06
449,הרשימה המתקדמת לשלום,10,1981-07-20 00:00:00,1984-08-13 00:00:00,0,2019-01-24 11:45:06
451,אומץ,10,1981-07-20 00:00:00,1984-08-13 00:00:00,0,2019-01-24 11:45:06
453,"מורשה-פא""י",10,1981-07-20 00:00:00,1984-08-13 00:00:00,0,2019-01-24 11:45:06
455,תחייה,10,1981-07-20 00:00:00,1984-08-13 00:00:00,0,2019-01-24 11:45:06
457,"ר""ץ",10,1981-07-20 00:00:00,1981-11-16 00:00:00,0,2019-01-24 11:45:06
459,שינוי - מפלגת מרכז,10,1981-07-20 00:00:00,1984-08-13 00:00:00,0,2019-01-24 11:45:06
461,תנועת כך,10,1981-07-20 00:00:00,1984-08-13 00:00:00,0,2019-01-24 11:45:06
462,"צל""ש - ציונות ליברליות שוויון",16,2005-05-18 00:00:00,2006-04-17 00:00:00,0,2019-01-24 11:45:06
463,אגודת ישראל,10,1981-07-20 00:00:00,1984-08-13 00:00:00,0,2019-01-24 11:45:06
465,"ש""ס",10,1981-07-20 00:00:00,1984-08-13 00:00:00,0,2019-01-24 11:45:06
467,שינוי ויוזמה,10,1981-07-20 00:00:00,1984-08-13 00:00:00,0,2019-01-24 11:45:06
469,תנועה להתחדשות ממלכתית,10,1981-07-20 00:00:00,1983-06-06 00:00:00,0,2019-01-24 11:45:06
471,מערך,10,1981-07-20 00:00:00,1984-08-13 00:00:00,0,2019-01-24 11:45:06
473,חזית דמוקרטית לשלום ושוויון,10,1981-07-20 00:00:00,1984-08-13 00:00:00,0,2019-01-24 11:45:06
475,יחד,10,1981-07-20 00:00:00,1984-08-13 00:00:00,0,2019-01-24 11:45:06
477,סיעת יחיד של עבד-אלוהאב דראושה,11,1988-02-15 00:00:00,1988-03-07 00:00:00,0,2019-01-24 11:45:06
479,הליכוד,11,1984-08-13 00:00:00,1988-11-21 00:00:00,0,2019-01-24 11:45:06
481,מפלגת פועלים מאוחדת,11,1984-10-22 00:00:00,1988-11-21 00:00:00,0,2019-01-24 11:45:06
482,נוי,16,2005-05-23 00:00:00,2005-11-23 00:00:00,0,2019-01-24 11:45:06
483,מפלגה דתית לאומית,11,1984-08-13 00:00:00,1988-11-21 00:00:00,0,2019-01-24 11:45:06
485,תנועה למסורת ישראל,11,1984-08-13 00:00:00,1988-08-29 00:00:00,0,2019-01-24 11:45:06
487,רשימה מתקדמת לשלום,11,1984-08-13 00:00:00,1988-11-21 00:00:00,0,2019-01-24 11:45:06
489,אומץ,11,1984-08-13 00:00:00,1988-09-27 00:00:00,0,2019-01-24 11:45:06
491,מורשה,11,1984-08-13 00:00:00,1988-11-21 00:00:00,0,2019-01-24 11:45:06
493,תחייה,11,1984-08-13 00:00:00,1988-11-21 00:00:00,0,2019-01-24 11:45:06
495,"ר""ץ",11,1984-08-13 00:00:00,1988-11-21 00:00:00,0,2019-01-24 11:45:06
497,שינוי - מפלגת מרכז,11,1984-08-13 00:00:00,1988-11-21 00:00:00,0,2019-01-24 11:45:06
499,כך,11,1984-08-13 00:00:00,1988-11-21 00:00:00,0,2019-01-24 11:45:06
501,אגודת ישראל,11,1984-08-13 00:00:00,1988-11-21 00:00:00,0,2019-01-24 11:45:06
502,העבודה - מימד - עם אחד,16,2005-05-23 00:00:00,2006-04-17 00:00:00,0,2019-01-24 11:45:06
503,"התאחדות הספרדים שומרי תורה - תנועת ש""ס",11,1984-08-13 00:00:00,1988-11-21 00:00:00,0,2019-01-24 11:45:06
505,שינוי ויוזמה,11,1984-08-13 00:00:00,1988-11-21 00:00:00,0,2019-01-24 11:45:06
507,צומת,11,1987-11-30 00:00:00,1988-11-21 00:00:00,0,2019-01-24 11:45:06
509,"מד""ע - מפלגה דמוקרטית ערבית",11,1988-03-07 00:00:00,1988-11-21 00:00:00,0,2019-01-24 11:45:06
511,דגל התורה,11,1984-08-13 00:00:00,1988-11-21 00:00:00,0,2019-01-24 11:45:06
513,מולדת,11,1984-08-13 00:00:00,1988-11-21 00:00:00,0,2019-01-24 11:45:06
515,מערך,11,1984-08-13 00:00:00,1988-11-21 00:00:00,0,2019-01-24 11:45:06
517,חזית דמוקרטית לשלום ושוויון,11,1984-08-13 00:00:00,1988-11-21 00:00:00,0,2019-01-24 11:45:06
519,יחד,11,1984-08-13 00:00:00,1984-10-22 00:00:00,0,2019-01-24 11:45:06
521,מפלגת העבודה הישראלית,12,1991-10-07 00:00:00,1992-07-13 00:00:00,0,2019-01-24 11:45:06
522,מרצ - יחד והבחירה הדמוקרטית,16,2005-07-27 00:00:00,2006-04-17 00:00:00,0,2019-01-24 11:45:06
523,הליכוד,12,1988-11-21 00:00:00,1992-07-13 00:00:00,0,2019-01-24 11:45:06
525,מפלגת פועלים מאוחדת,12,1988-11-21 00:00:00,1992-03-09 00:00:00,0,2019-01-24 11:45:06
527,מפלגה דתית לאומית,12,1988-11-21 00:00:00,1992-07-13 00:00:00,0,2019-01-24 11:45:06
529,רשימה מתקדמת לשלום,12,1988-11-21 00:00:00,1992-07-13 00:00:00,0,2019-01-24 11:45:06
531,תחייה,12,1988-11-21 00:00:00,1992-07-13 00:00:00,0,2019-01-24 11:45:06
533,"ר""ץ",12,1988-11-21 00:00:00,1992-03-09 00:00:00,0,2019-01-24 11:45:06
535,שינוי - מפלגת מרכז,12,1988-11-21 00:00:00,1992-03-09 00:00:00,0,2019-01-24 11:45:06
537,אגודת ישראל,12,1988-11-21 00:00:00,1992-07-13 00:00:00,0,2019-01-24 11:45:06
539,"התאחדות הספרדים שומרי תורה - תנועת ש""ס",12,1988-11-21 00:00:00,1992-07-13 00:00:00,0,2019-01-24 11:45:06
541,"חד""ש - בל""ד",12,1988-11-21 00:00:00,1992-07-13 00:00:00,0,2019-01-24 11:45:06
542,אחריות לאומית,16,2005-11-23 00:00:00,2006-01-17 00:00:00,0,2019-01-24 11:45:06
543,צומת,12,1988-11-21 00:00:00,1992-07-13 00:00:00,0,2019-01-24 11:45:06
545,"מד""ע - מפלגה דמוקרטית ערבית",12,1988-11-21 00:00:00,1992-07-13 00:00:00,0,2019-01-24 11:45:06
547,דגל התורה,12,1988-11-21 00:00:00,1992-07-13 00:00:00,0,2019-01-24 11:45:06
549,מולדת,12,1988-11-21 00:00:00,1992-07-13 00:00:00,0,2019-01-24 11:45:06
551,מפלגה ליברלית חדשה,12,1992-03-03 00:00:00,1992-07-13 00:00:00,0,2019-01-24 11:45:06
553,מוריה,12,1990-12-25 00:00:00,1992-07-13 00:00:00,0,2019-01-24 11:45:06
555,פנתרים שחורים,12,1991-01-01 00:00:00,1992-07-13 00:00:00,0,2019-01-24 11:45:06
557,אחדות למען השלום והעלייה,12,1990-12-25 00:00:00,1992-05-17 00:00:00,0,2019-01-24 11:45:06
559,גאולת ישראל,12,1990-12-25 00:00:00,1992-07-13 00:00:00,0,2019-01-24 11:45:06
561,מרצ,12,1992-03-09 00:00:00,1992-07-13 00:00:00,0,2019-01-24 11:45:06
562,קדימה,16,2006-01-17 00:00:00,2006-04-17 00:00:00,0,2019-01-24 11:45:06
563,יהדות התורה,12,1988-11-21 00:00:00,1992-07-13 00:00:00,0,2019-01-24 11:45:06
564,הסיעה החילונית,16,2006-01-26 00:00:00,2006-04-17 00:00:00,0,2019-01-24 11:45:06
565,מערך,12,1988-11-21 00:00:00,1991-10-07 00:00:00,0,2019-01-24 11:45:06
567,חזית דמוקרטית לשלום ושוויון,12,1988-11-21 00:00:00,1992-07-13 00:00:00,0,2019-01-24 11:45:06
569,"חד""ש",12,1988-11-21 00:00:00,1992-07-13 00:00:00,0,2019-01-24 11:45:06
571,מפלגת העבודה הישראלית,13,1992-07-13 00:00:00,1996-06-17 00:00:00,0,2019-01-24 11:45:06
573,הליכוד,13,1992-07-13 00:00:00,1996-06-17 00:00:00,0,2019-01-24 11:45:06
575,מפלגה דתית לאומית,13,1992-07-13 00:00:00,1996-06-17 00:00:00,0,2019-01-24 11:45:06
577,"התאחדות הספרדים שומרי תורה - תנועת ש""ס",13,1992-07-13 00:00:00,1996-06-17 00:00:00,0,2019-01-24 11:45:06
579,"חד""ש - בל""ד",13,1992-07-13 00:00:00,1996-06-17 00:00:00,0,2019-01-24 11:45:06
581,צומת,13,1992-07-13 00:00:00,1996-06-17 00:00:00,0,2019-01-24 11:45:06
582,"ח""כ יחיד - מיכאל נודלמן",16,2006-02-01 00:00:00,2006-04-17 00:00:00,0,2019-01-24 11:45:06
583,"מד""ע - מפלגה דמוקרטית ערבית",13,1992-07-13 00:00:00,1996-06-17 00:00:00,0,2019-01-24 11:45:06
584,האיחוד הלאומי - מולדת - תקומה,16,2006-02-01 00:00:00,2006-04-17 00:00:00,0,2019-01-24 11:45:06
585,מולדת,13,1992-07-13 00:00:00,1996-06-17 00:00:00,0,2019-01-24 11:45:06
586,הבית הלאומי,16,2006-02-05 00:00:00,2006-04-17 00:00:00,0,2019-01-24 11:45:06
587,מרצ,13,1992-07-13 00:00:00,1996-06-17 00:00:00,0,2019-01-24 11:45:06
588,העולים,16,2006-02-01 00:00:00,2006-02-01 00:00:00,0,2019-01-24 11:45:06
589,יהדות התורה,13,1992-07-13 00:00:00,1996-04-08 00:00:00,0,2019-01-24 11:45:06
590,ישראל ביתנו,16,2006-02-01 00:00:00,2006-04-17 00:00:00,0,2019-01-24 11:45:06
591,המערך,13,1992-07-13 00:00:00,1996-06-17 00:00:00,0,2019-01-24 11:45:06
593,יעוד,13,1994-02-07 00:00:00,1996-06-17 00:00:00,0,2019-01-24 11:45:06
595,ימין ישראל,13,1995-07-24 00:00:00,1996-06-17 00:00:00,0,2019-01-24 11:45:06
597,עתיד,13,1995-11-27 00:00:00,1996-06-17 00:00:00,0,2019-01-24 11:45:06
599,הדרך השלישית,13,1996-03-07 00:00:00,1996-06-17 00:00:00,0,2019-01-24 11:45:06
601,גשר,13,1996-03-11 00:00:00,1996-06-17 00:00:00,0,2019-01-24 11:45:06
602,תנועה ערבית להתחדשות,16,2006-02-07 00:00:00,2006-04-17 00:00:00,0,2019-01-24 11:45:06
603,הליכוד - גשר - צומת,13,1992-07-13 00:00:00,1996-06-17 00:00:00,0,2019-01-24 11:45:06
604,חזית דמוקרטית לשלום ושוויון,16,2006-02-07 00:00:00,2006-04-17 00:00:00,0,2019-01-24 11:45:06
605,ישראל בעליה,13,1992-07-13 00:00:00,1996-06-17 00:00:00,0,2019-01-24 11:45:06
607,"מד""ע - רע""ם",13,1992-07-13 00:00:00,1996-06-17 00:00:00,0,2019-01-24 11:45:06
609,חזית דמוקרטית לשלום ושוויון,13,1992-07-13 00:00:00,1996-06-17 00:00:00,0,2019-01-24 11:45:06
611,מפלגת העבודה הישראלית,14,1996-06-17 00:00:00,1999-06-07 00:00:00,0,2019-01-24 11:45:06
613,הליכוד,14,1999-03-04 00:00:00,1999-06-07 00:00:00,0,2019-01-24 11:45:06
615,מפלגה דתית לאומית,14,1996-06-17 00:00:00,1999-06-07 00:00:00,0,2019-01-24 11:45:06
617,שינוי - מפלגת מרכז,14,1999-01-17 00:00:00,1999-06-07 00:00:00,0,2019-01-24 11:45:06
619,"התאחדות הספרדים שומרי תורה - תנועת ש""ס",14,1996-06-17 00:00:00,1999-06-07 00:00:00,0,2019-01-24 11:45:06
621,"חד""ש - בל""ד",14,1996-06-17 00:00:00,1999-03-08 00:00:00,0,2019-01-24 11:45:06
622,קדימה,17,2006-04-17 00:00:00,2009-02-24 00:00:00,0,2019-01-24 11:45:06
623,צומת,14,1999-03-04 00:00:00,1999-06-07 00:00:00,0,2019-01-24 11:45:06
624,עבודה - מימד,17,2006-04-17 00:00:00,2008-12-18 00:00:00,0,2019-01-24 11:45:06
625,דגל התורה,14,1999-02-23 00:00:00,1999-06-07 00:00:00,0,2019-01-24 11:45:06
626,ברית לאומית דמוקרטית,17,2006-04-17 00:00:00,2009-02-24 00:00:00,0,2019-01-24 11:45:06
627,מולדת,14,1996-06-17 00:00:00,1999-06-07 00:00:00,0,2019-01-24 11:45:06
628,"התאחדות הספרדים שומרי תורה - תנועת ש""ס",17,2006-04-17 00:00:00,2009-02-24 00:00:00,0,2019-01-24 11:45:06
629,מרצ,14,1996-06-17 00:00:00,1999-06-07 00:00:00,0,2019-01-24 11:45:06
630,חזית דמוקרטית לשלום ושוויון,17,2006-04-17 00:00:00,2009-02-24 00:00:00,0,2019-01-24 11:45:06
631,יהדות התורה,14,1996-06-17 00:00:00,1999-02-23 00:00:00,0,2019-01-24 11:45:06
632,יהדות התורה,17,2006-04-17 00:00:00,2008-12-18 00:00:00,0,2019-01-24 11:45:06
633,הדרך השלישית,14,1996-06-17 00:00:00,1999-06-07 00:00:00,0,2019-01-24 11:45:06
634,גיל,17,2006-04-17 00:00:00,2009-02-24 00:00:00,0,2019-01-24 11:45:06
635,גשר,14,1999-02-23 00:00:00,1999-06-07 00:00:00,0,2019-01-24 11:45:06
636,"רע""מ - תע""ל",17,2006-04-17 00:00:00,2009-02-24 00:00:00,0,2019-01-24 11:45:06
637,ליכוד - גשר - צומת,14,1996-06-17 00:00:00,1999-02-23 00:00:00,0,2019-01-24 11:45:06
638,ישראל ביתנו,17,2006-04-17 00:00:00,2009-02-24 00:00:00,0,2019-01-24 11:45:06
639,ישראל בעליה,14,1996-06-17 00:00:00,1999-06-07 00:00:00,0,2019-01-24 11:45:06
640,מרצ - יחד,17,2006-04-17 00:00:00,2009-02-24 00:00:00,0,2019-01-24 11:45:06
641,"מד""ע - רע""ם",14,1996-06-17 00:00:00,1999-06-07 00:00:00,0,2019-01-24 11:45:06
642,"איחוד לאומי - מפד""ל",17,2006-04-17 00:00:00,2008-12-03 00:00:00,0,2019-01-24 11:45:06
643,חזית דמוקרטית לשלום ושוויון,14,1999-03-08 00:00:00,1999-06-07 00:00:00,0,2019-01-24 11:45:06
645,ליכוד - צומת,14,1999-02-23 00:00:00,1999-03-04 00:00:00,0,2019-01-24 11:45:06
647,חרות - התנועה הלאומית,14,1999-02-23 00:00:00,1999-06-07 00:00:00,0,2019-01-24 11:45:06
649,ישראל במרכז,14,1999-02-23 00:00:00,1999-06-07 00:00:00,0,2019-01-24 11:45:06
651,"עלי""ה - עמנו למען ישראל המתחדשת",14,1999-02-23 00:00:00,1999-06-07 00:00:00,0,2019-01-24 11:45:06
653,מכורה,14,1999-03-04 00:00:00,1999-03-04 00:00:00,0,2019-01-24 11:45:06
655,אמונים,14,1999-03-04 00:00:00,1999-03-17 00:00:00,0,2019-01-24 11:45:06
657,ברית לאומית דמוקרטית,14,1999-03-08 00:00:00,1999-06-07 00:00:00,0,2019-01-24 11:45:06
659,"ח""כ יחיד",14,1996-06-17 00:00:00,1999-06-07 00:00:00,0,2019-01-24 11:45:06
661,תקומה,14,1996-06-17 00:00:00,1999-03-17 00:00:00,0,2019-01-24 11:45:06
662,השומר הצעיר,17,2006-04-17 00:00:00,2009-02-24 00:00:00,0,2019-01-24 11:45:06
663,הצעירים,14,1999-03-22 00:00:00,1999-03-29 00:00:00,0,2019-01-24 11:45:06
665,עם אחד,14,1999-03-25 00:00:00,1999-06-07 00:00:00,0,2019-01-24 11:45:06
667,שינוי,14,1996-06-17 00:00:00,1999-06-07 00:00:00,0,2019-01-24 11:45:06
669,ישראל אחת,14,1996-06-17 00:00:00,1999-06-07 00:00:00,0,2019-01-24 11:45:06
671,מפלגת המרכז,14,1996-06-17 00:00:00,1999-06-07 00:00:00,0,2019-01-24 11:45:06
673,האיחוד הלאומי,14,1996-06-17 00:00:00,1999-06-07 00:00:00,0,2019-01-24 11:45:06
675,ישראל ביתנו,14,1996-06-17 00:00:00,1999-06-07 00:00:00,0,2019-01-24 11:45:06
677,"רע""ם-הרשימה הערבית המאוחדת",14,1996-06-17 00:00:00,1999-06-07 00:00:00,0,2019-01-24 11:45:06
679,איחוד לאומי,15,1999-06-07 00:00:00,2000-02-01 00:00:00,0,2019-01-24 11:45:06
681,ישראל ביתנו,15,1999-06-07 00:00:00,2000-02-01 00:00:00,0,2019-01-24 11:45:06
683,מחר - מפלגת חברה ורפורמות,15,1999-07-26 00:00:00,1999-10-18 00:00:00,0,2019-01-24 11:45:06
685,לב,15,2002-11-06 00:00:00,2002-11-06 00:00:00,0,2019-01-24 11:45:06
687,אחדות לאומית - הברית הלאומית המתקדמת,15,2002-12-10 00:00:00,2003-02-17 00:00:00,0,2019-01-24 11:45:06
688,"בנא""י",9,1977-06-13 00:00:00,,1,2019-01-24 11:45:06
689,"תחייה - בנא""י",9,1979-07-17 00:00:00,1981-07-20 00:00:00,0,2019-01-24 11:45:06
690,הליכוד,17,2006-04-17 00:00:00,2009-02-24 00:00:00,0,2019-01-24 11:45:06
691,השומר הצעיר,0,1948-02-14 00:00:00,1949-02-14 00:00:00,0,2019-01-24 11:45:06
692,התנועה הרווזיוניסטית,0,1948-02-14 00:00:00,1949-02-14 00:00:00,0,2019-01-24 11:45:06
693,החזית הדתית המאוחדת,0,1948-02-14 00:00:00,1949-02-14 00:00:00,0,2019-01-24 11:45:06
694,התאחדות התימנים,0,1948-02-14 00:00:00,1949-02-14 00:00:00,0,2019-01-24 11:45:06
702,צדק לזקן,17,2008-06-02 00:00:00,2008-10-27 00:00:00,0,2019-01-24 11:45:06
722,הדרך הטובה,17,2008-10-27 00:00:00,2009-02-24 00:00:00,0,2019-01-24 11:45:06
742,איחוד לאומי,18,2009-02-24 00:00:00,2013-02-05 00:00:00,0,2019-01-24 11:45:06
743,"הבית היהודי - המפד""ל החדשה",18,2009-02-24 00:00:00,2013-02-05 00:00:00,0,2019-01-24 11:45:06
744,ברית לאומית דמוקרטית,18,2009-02-24 00:00:00,2013-02-05 00:00:00,0,2019-01-24 11:45:06
745,חזית דמוקרטית לשלום ושוויון,18,2009-02-24 00:00:00,2013-02-05 00:00:00,0,2019-01-24 11:45:06
746,יהדות התורה,18,2009-02-24 00:00:00,2013-02-05 00:00:00,0,2019-01-24 11:45:06
747,ישראל ביתנו,18,2009-02-24 00:00:00,2013-02-05 00:00:00,0,2019-01-24 11:45:06
748,הליכוד,18,2009-02-24 00:00:00,2013-02-05 00:00:00,0,2019-01-24 11:45:06
749,התנועה החדשה מרצ,18,2009-02-24 00:00:00,2013-02-05 00:00:00,0,2019-01-24 11:45:06
750,מפלגת העבודה הישראלית,18,2011-01-17 00:00:00,2013-02-05 00:00:00,0,2019-01-24 11:45:06
751,קדימה,18,2009-02-24 00:00:00,2013-02-05 00:00:00,0,2019-01-24 11:45:06
752,"רע""מ - תע""ל",18,2009-02-24 00:00:00,2013-02-05 00:00:00,0,2019-01-24 11:45:06
753,"התאחדות הספרדים שומרי תורה - תנועת ש""ס",18,2009-02-24 00:00:00,2013-02-05 00:00:00,0,2019-01-24 11:45:06
762,העצמאות,18,2011-01-17 00:00:00,2013-02-05 00:00:00,0,2019-01-24 11:45:06
802,ברית לאומית דמוקרטית,19,2013-02-05 00:00:00,2015-03-31 00:00:00,0,2019-01-24 11:45:06
803,"הבית היהודי מייסודם של האיחוד הלאומי והמפד""ל החדשה",19,2013-02-05 00:00:00,2015-03-31 00:00:00,0,2019-01-24 11:45:06
804,הליכוד - ישראל ביתנו,19,2013-02-05 00:00:00,2014-07-09 00:00:00,0,2019-01-24 11:45:06
805,מפלגת העבודה הישראלית,19,2013-02-05 00:00:00,2015-03-31 00:00:00,0,2019-01-24 11:45:06
806,חזית דמוקרטית לשלום ושוויון,19,2013-02-05 00:00:00,2015-03-31 00:00:00,0,2019-01-24 11:45:06
807,יהדות התורה,19,2013-02-05 00:00:00,2015-03-31 00:00:00,0,2019-01-24 11:45:06
808,מרצ,19,2013-02-05 00:00:00,2015-03-31 00:00:00,0,2019-01-24 11:45:06
809,קדימה,19,2013-02-05 00:00:00,2015-03-31 00:00:00,0,2019-01-24 11:45:06
810,"רע""מ-תע""ל-מד""ע",19,2013-02-05 00:00:00,2014-12-08 00:00:00,0,2019-01-24 11:45:06
811,"התאחדות הספרדים שומרי תורה - תנועת ש""ס",19,2013-02-05 00:00:00,2015-03-31 00:00:00,0,2019-01-24 11:45:06
812,יש עתיד,19,2013-02-05 00:00:00,2015-03-31 00:00:00,0,2019-01-24 11:45:06
813,התנועה בראשות ציפי לבני,19,2013-02-05 00:00:00,2015-03-31 00:00:00,0,2019-01-24 11:45:06
842,הליכוד - תנועה לאומית ליברלית,19,2014-07-09 00:00:00,2015-03-31 00:00:00,0,2019-01-24 11:45:06
843,ישראל ביתנו,19,2014-07-09 00:00:00,2015-03-31 00:00:00,0,2019-01-24 11:45:06
882,הליכוד,20,2015-03-31 00:00:00,2019-04-30 00:00:00,0,2019-04-28 19:41:14
902,המחנה הציוני,20,2015-03-31 00:00:00,2019-04-30 00:00:00,0,2019-04-28 19:41:14
903,הרשימה המשותפת,20,2015-03-31 00:00:00,2019-04-30 00:00:00,0,2019-04-28 19:41:14
904,יש עתיד,20,2015-03-31 00:00:00,2019-04-30 00:00:00,0,2019-04-28 19:41:14
905,ישראל ביתנו,20,2015-03-31 00:00:00,2019-04-30 00:00:00,0,2019-04-28 19:41:14
906,כולנו,20,2015-03-31 00:00:00,2019-04-30 00:00:00,0,2019-04-28 19:41:14
907,הבית היהודי,20,2015-03-31 00:00:00,2019-04-30 00:00:00,0,2019-04-28 19:41:14
908,יהדות התורה,20,2015-03-31 00:00:00,2019-04-30 00:00:00,0,2019-04-28 19:41:14
909,מרצ,20,2015-03-31 00:00:00,2019-04-30 00:00:00,0,2019-04-28 19:41:14
910,"ש""ס",20,2015-03-31 00:00:00,2019-04-30 00:00:00,0,2019-04-28 19:41:14
911,אין נתונים,1,1900-01-01 00:00:00,,1,2019-01-24 11:45:06
913,",",20,2017-03-15 00:00:00,2019-04-30 00:00:00,0,2019-04-28 19:41:14
914,העבודה,20,2019-01-01 00:00:00,2019-04-30 00:00:00,0,2019-04-28 19:41:14
915,התנועה,20,2019-01-01 00:00:00,2019-04-30 00:00:00,0,2019-04-28 19:41:14
916,הימין החדש,20,2018-12-30 00:00:00,2019-04-30 00:00:00,0,2019-04-28 19:41:14
917,כחול לבן,21,2019-04-30 00:00:00,2019-10-03 00:00:00,0,2019-09-24 17:39:48
918,"ש""ס",21,2019-04-30 00:00:00,2019-10-03 00:00:00,0,2019-09-24 17:39:48
922,"רע""ם-בל""ד",21,2019-04-30 00:00:00,2019-10-03 00:00:00,0,2019-09-24 17:39:48
923,איחוד מפלגות הימין,21,2019-04-30 00:00:00,2019-10-03 00:00:00,0,2019-09-24 17:39:48
924,"חד""ש-תע""ל",21,2019-04-30 00:00:00,2019-10-03 00:00:00,0,2019-09-24 17:39:48
925,העבודה,21,2019-04-30 00:00:00,2019-10-03 00:00:00,0,2019-09-24 17:39:48
926,מרצ,21,2019-04-30 00:00:00,2019-10-03 00:00:00,0,2019-09-24 17:39:48
928,יהדות התורה,21,2019-04-30 00:00:00,2019-10-03 00:00:00,0,2019-09-24 17:39:48
929,ישראל ביתנו,21,2019-04-30 00:00:00,2019-10-03 00:00:00,0,2019-09-24 17:39:48
930,כולנו,21,2019-04-30 00:00:00,2019-10-03 00:00:00,0,2019-09-24 17:39:48
931,הליכוד,21,2019-04-30 00:00:00,2019-10-03 00:00:00,0,2019-09-24 17:39:48
932,"ש""ס",22,2019-10-03 00:00:00,2020-03-16 00:00:00,0,2020-03-12 12:34:51
933,הליכוד,22,2019-10-03 00:00:00,2020-03-16 00:00:00,0,2020-03-12 12:34:51
934,העבודה-גשר,22,2019-10-03 00:00:00,2020-03-16 00:00:00,0,2020-03-12 12:34:51
935,הבית היהודי - האיחוד הלאומי,22,2019-10-03 00:00:00,2020-03-16 00:00:00,0,2020-03-12 12:34:51
936,יהדות התורה,22,2019-10-03 00:00:00,2020-03-16 00:00:00,0,2020-03-12 12:34:51
937,ישראל ביתנו,22,2019-10-03 00:00:00,2020-03-16 00:00:00,0,2020-03-12 12:34:51
938,כחול לבן,22,2019-10-03 00:00:00,2020-03-16 00:00:00,0,2020-03-12 12:34:51
939,המחנה הדמוקרטי,22,2019-10-03 00:00:00,2020-03-16 00:00:00,0,2020-03-12 12:34:51
940,הרשימה המשותפת,22,2019-10-03 00:00:00,2020-03-16 00:00:00,0,2020-03-12 12:34:51
941,הימין החדש,22,2019-10-10 00:00:00,2020-03-16 00:00:00,0,2020-03-12 12:34:51
942,הליכוד,23,2020-03-16 00:00:00,,1,2020-03-10 13:42:47
943,הרשימה המשותפת,23,2020-03-16 00:00:00,,1,2020-03-08 18:18:48
944,יהדות התורה,23,2020-03-16 00:00:00,,1,2020-03-08 18:19:21
945,ישראל ביתנו,23,2020-03-16 00:00:00,,1,2020-03-08 18:27:56
946,כחול לבן,23,2020-03-16 00:00:00,,1,2020-05-25 11:19:54
947,"ש""ס",23,2020-03-16 00:00:00,,1,2020-03-08 18:21:18
948,ימינה,23,2020-03-16 00:00:00,,1,2020-06-30 19:09:09
949,העבודה-גשר-מרצ,23,2020-03-16 00:00:00,2020-03-23 00:00:00,0,2020-05-25 13:08:56
950,יש עתיד,23,2020-03-29 00:00:00,2020-03-29 00:00:00,0,2020-04-01 15:12:06
951,"תל""ם - תנועה לאומית ממלכתית",23,2020-03-29 00:00:00,2020-03-29 00:00:00,0,2020-04-01 15:12:23
952,",,",23,2020-03-29 00:00:00,2020-03-29 00:00:00,0,2020-03-31 14:52:05
953,",,,",23,2020-03-29 00:00:00,2020-03-29 00:00:00,0,2020-03-31 14:52:16
954,דרך ארץ,23,2020-03-29 00:00:00,,1,2020-04-01 12:11:41
955,"יש עתיד - תל""ם",23,2020-03-29 00:00:00,,1,2020-04-01 12:13:32
956,העבודה-מרצ,23,2020-03-23 00:00:00,2020-04-06 00:00:00,0,2020-05-25 13:08:14
957,גשר,23,2020-03-23 00:00:00,,1,2020-05-25 12:53:20
958,העבודה הישראלית,23,2020-04-06 00:00:00,,1,2020-05-25 13:09:58
959,מרצ,23,2020-04-06 00:00:00,,1,2020-05-25 13:10:16
960,הבית היהודי,23,2020-07-14 00:00:00,1900-01-01 00:00:00,1,2020-07-20 18:49:20
