"BillUnionID","MainBillID","UnionBillID","LastUpdatedDate"
1,31252,37664,2015-03-20 12:03:33
2,37668,18516,2015-03-20 12:03:33
3,37666,37665,2015-03-20 12:03:33
4,37660,37659,2015-03-20 12:03:33
5,37658,17670,2015-03-20 12:03:33
6,37658,19438,2015-03-20 12:03:33
7,31717,31716,2015-03-20 12:03:33
8,17834,19677,2015-03-20 12:03:33
9,77290,77291,2015-03-20 12:03:33
10,77287,25317,2015-03-20 12:03:33
11,18437,31724,2015-03-20 12:03:33
12,74963,74962,2015-03-20 12:03:33
13,75301,75300,2015-03-20 12:03:33
14,75198,75199,2015-03-20 12:03:33
15,75194,75193,2015-03-20 12:03:33
16,86881,75191,2015-03-20 12:03:33
17,30393,86436,2015-03-20 12:03:33
18,30393,86438,2015-03-20 12:03:33
19,30393,86437,2015-03-20 12:03:33
20,76098,20605,2015-03-20 12:03:33
21,75078,75037,2015-03-20 12:03:33
22,75078,75079,2015-03-20 12:03:33
23,30643,31042,2015-03-20 12:03:33
24,24306,77772,2015-03-20 12:03:33
25,77667,25663,2015-03-20 12:03:33
26,78362,75217,2015-03-20 12:03:33
27,78362,75244,2015-03-20 12:03:33
28,17655,75250,2015-03-20 12:03:33
29,75219,75221,2015-03-20 12:03:33
30,75219,75222,2015-03-20 12:03:33
31,75219,75223,2015-03-20 12:03:33
32,75219,75224,2015-03-20 12:03:33
33,75219,17789,2015-03-20 12:03:33
34,75219,18506,2015-03-20 12:03:33
35,75245,17771,2015-03-20 12:03:33
36,75245,75246,2015-03-20 12:03:33
37,75245,75247,2015-03-20 12:03:33
38,21666,75248,2015-03-20 12:03:33
39,77518,17834,2015-03-20 12:03:33
40,18905,75190,2015-03-20 12:03:33
41,89821,75192,2015-03-20 12:03:33
42,75188,75189,2015-03-20 12:03:33
43,75341,29605,2015-03-20 12:03:33
44,30534,81390,2015-03-20 12:03:33
45,37656,85430,2015-03-20 12:03:33
46,85368,17764,2015-03-20 12:03:33
47,85368,75907,2015-03-20 12:03:33
48,85368,75909,2015-03-20 12:03:33
49,100249,97075,2015-03-20 12:03:33
50,100249,81414,2015-03-20 12:03:33
51,78945,79545,2015-03-20 12:03:33
52,26858,75083,2015-03-20 12:03:33
53,26858,26156,2015-03-20 12:03:33
54,26858,83779,2015-03-20 12:03:33
55,26858,30497,2015-03-20 12:03:33
56,26858,25252,2015-03-20 12:03:33
57,17516,19801,2015-03-20 12:03:33
58,77518,75218,2015-03-20 12:03:33
59,27015,21541,2015-03-20 12:03:33
60,87934,106518,2015-03-20 12:03:33
61,86725,86802,2015-03-20 12:03:33
62,86725,86514,2015-03-20 12:03:33
63,132065,132187,2015-03-20 12:03:33
64,132065,132353,2015-03-20 12:03:33
65,132065,134725,2015-03-20 12:03:33
66,132065,134564,2015-03-20 12:03:33
67,132065,130343,2015-03-20 12:03:33
68,75027,132394,2015-03-20 12:03:33
69,130397,130536,2015-03-20 12:03:33
70,130397,130908,2015-03-20 12:03:33
71,130397,139065,2015-03-20 12:03:33
72,130397,142320,2015-03-20 12:03:33
73,135664,143152,2015-03-20 12:03:33
74,140027,133176,2015-03-20 12:03:33
75,130325,181784,2015-03-20 12:03:33
76,242230,183846,2015-03-20 12:03:33
77,135137,144166,2015-03-20 12:03:33
78,139134,130480,2015-03-20 12:03:33
79,286171,254156,2015-03-20 12:03:33
80,241021,241346,2015-03-20 12:03:33
81,324291,325536,2015-03-20 12:03:33
82,321196,324986,2015-03-20 12:03:33
83,317905,318581,2015-03-20 12:03:33
84,333807,327447,2015-03-20 12:03:33
85,328001,330565,2015-03-20 12:03:33
86,336378,368610,2015-03-20 12:03:33
87,419938,414876,2015-03-20 12:03:33
88,388389,318928,2015-03-20 12:03:33
89,388389,405862,2015-03-20 12:03:33
90,388389,408546,2015-03-20 12:03:33
91,388389,409820,2015-03-20 12:03:33
92,415700,399149,2015-03-20 12:03:33
93,318784,326265,2015-03-20 12:03:33
94,429388,428075,2015-03-20 12:03:33
95,343932,419208,2015-03-20 12:03:33
96,432374,429225,2015-03-20 12:03:33
97,342277,425220,2015-03-20 12:03:33
98,478316,479235,2015-03-20 12:03:33
99,477296,478404,2015-03-20 12:03:33
100,477296,483621,2015-03-20 12:03:33
101,103653,22712,2015-03-20 12:03:33
102,103653,23166,2015-03-20 12:03:33
103,103653,23853,2015-03-20 12:03:33
104,103653,30392,2015-03-20 12:03:33
105,84722,84738,2015-03-20 12:03:33
106,130886,131586,2015-03-20 12:03:33
107,185062,185115,2015-03-20 12:03:33
108,185062,187484,2015-03-20 12:03:33
109,185062,183289,2015-03-20 12:03:33
110,185062,185068,2015-03-20 12:03:33
111,132404,131959,2015-03-20 12:03:33
112,132404,139289,2015-03-20 12:03:33
113,241807,249899,2015-03-20 12:03:33
114,132404,134967,2015-03-20 12:03:33
115,132404,134451,2015-03-20 12:03:33
116,132404,134976,2015-03-20 12:03:33
117,140784,178263,2015-03-20 12:03:33
118,140784,179889,2015-03-20 12:03:33
119,140784,240341,2015-03-20 12:03:33
120,140784,187597,2015-03-20 12:03:33
121,140784,290035,2015-03-20 12:03:33
122,129939,130869,2015-03-20 12:03:33
123,129939,134996,2015-03-20 12:03:33
124,129939,296654,2015-03-20 12:03:33
125,129939,297316,2015-03-20 12:03:33
126,135404,142162,2015-03-20 12:03:33
127,325830,326097,2015-03-20 12:03:33
128,325830,326098,2015-03-20 12:03:33
129,325830,326100,2015-03-20 12:03:33
130,325830,326101,2015-03-20 12:03:33
131,325830,326102,2015-03-20 12:03:33
132,325830,326065,2015-03-20 12:03:33
133,325830,326066,2015-03-20 12:03:33
134,325830,326067,2015-03-20 12:03:33
135,325830,326068,2015-03-20 12:03:33
136,325830,326069,2015-03-20 12:03:33
137,325830,326070,2015-03-20 12:03:33
138,325830,326071,2015-03-20 12:03:33
139,325830,326072,2015-03-20 12:03:33
140,325830,326085,2015-03-20 12:03:33
141,325830,326052,2015-03-20 12:03:33
142,325830,326053,2015-03-20 12:03:33
143,325830,326054,2015-03-20 12:03:33
144,325830,326055,2015-03-20 12:03:33
145,325830,326060,2015-03-20 12:03:33
146,325830,326061,2015-03-20 12:03:33
147,325830,326062,2015-03-20 12:03:33
148,325830,326063,2015-03-20 12:03:33
149,325830,326064,2015-03-20 12:03:33
150,325830,326088,2015-03-20 12:03:33
151,325830,326089,2015-03-20 12:03:33
152,325830,326058,2015-03-20 12:03:33
153,325830,326059,2015-03-20 12:03:33
154,325830,326083,2015-03-20 12:03:33
155,325830,326084,2015-03-20 12:03:33
156,325830,326086,2015-03-20 12:03:33
157,325830,326090,2015-03-20 12:03:33
158,325830,326091,2015-03-20 12:03:33
159,325830,326092,2015-03-20 12:03:33
160,325830,326093,2015-03-20 12:03:33
161,325830,326095,2015-03-20 12:03:33
162,328009,326654,2015-03-20 12:03:33
163,423210,371449,2015-03-20 12:03:33
164,430460,321700,2015-03-20 12:03:33
165,419714,409738,2015-03-20 12:03:33
166,414952,403561,2015-03-20 12:03:33
167,414952,401790,2015-03-20 12:03:33
168,366770,432814,2015-03-20 12:03:33
169,366770,431755,2015-03-20 12:03:33
170,431417,434338,2015-03-20 12:03:33
171,481952,478818,2015-03-20 12:03:33
172,477133,477308,2015-03-20 12:03:33
173,484925,477959,2015-03-20 12:03:33
174,484925,480528,2015-03-20 12:03:33
175,320854,89046,2015-03-20 12:03:33
176,320854,88442,2015-03-20 12:03:33
177,16633,89756,2015-03-20 12:03:33
178,16633,88728,2015-03-20 12:03:33
179,16633,88729,2015-03-20 12:03:33
180,16633,88731,2015-03-20 12:03:33
181,320854,88787,2015-03-20 12:03:33
182,320854,88788,2015-03-20 12:03:33
183,320854,89047,2015-03-20 12:03:33
184,131749,134136,2015-03-20 12:03:33
185,131749,134144,2015-03-20 12:03:33
186,131749,134131,2015-03-20 12:03:33
187,178389,182819,2015-03-20 12:03:33
188,178389,182816,2015-03-20 12:03:33
189,178389,182817,2015-03-20 12:03:33
190,262800,262802,2015-03-20 12:03:33
191,262800,262804,2015-03-20 12:03:33
192,262800,262807,2015-03-20 12:03:33
193,262800,262801,2015-03-20 12:03:33
194,262800,262809,2015-03-20 12:03:33
195,262800,262810,2015-03-20 12:03:33
196,262800,262811,2015-03-20 12:03:33
197,262800,262822,2015-03-20 12:03:33
198,262800,262826,2015-03-20 12:03:33
199,262800,262827,2015-03-20 12:03:33
200,262800,262829,2015-03-20 12:03:33
201,262800,262830,2015-03-20 12:03:33
202,478084,477752,2015-03-20 12:03:33
203,559077,555255,2015-03-20 12:03:33
204,130684,138166,2015-03-20 12:03:33
205,178726,145425,2015-03-20 12:03:33
206,178726,177801,2015-03-20 12:03:33
207,132469,179939,2015-03-20 12:03:33
208,142524,143056,2015-03-20 12:03:33
209,142312,142227,2015-03-20 12:03:33
210,142312,181064,2015-03-20 12:03:33
211,142312,245272,2015-03-20 12:03:33
212,142312,249881,2015-03-20 12:03:33
213,130750,132753,2015-03-20 12:03:33
214,252655,140667,2015-03-20 12:03:33
215,252655,176615,2015-03-20 12:03:33
216,252655,185860,2015-03-20 12:03:33
217,252655,188673,2015-03-20 12:03:33
218,238932,251429,2015-03-20 12:03:33
219,253280,181906,2015-03-20 12:03:33
220,135115,144588,2015-03-20 12:03:33
221,179689,289302,2015-03-20 12:03:33
222,179689,296631,2015-03-20 12:03:33
223,318117,319293,2015-03-20 12:03:33
224,318732,319706,2015-03-20 12:03:33
225,318117,317865,2015-03-20 12:03:33
226,254699,186854,2015-03-20 12:03:33
227,336529,350571,2015-03-20 12:03:33
228,322702,329485,2015-03-20 12:03:33
229,354617,318698,2015-03-20 12:03:33
230,354617,318469,2015-03-20 12:03:33
231,354617,318624,2015-03-20 12:03:33
232,354617,322745,2015-03-20 12:03:33
233,354617,321492,2015-03-20 12:03:33
234,354617,317892,2015-03-20 12:03:33
235,354617,323415,2015-03-20 12:03:33
236,336239,318339,2015-03-20 12:03:33
237,397095,342589,2015-03-20 12:03:33
238,319253,336605,2015-03-20 12:03:33
239,369369,399909,2015-03-20 12:03:33
240,405073,181969,2015-03-20 12:03:33
241,413234,362410,2015-03-20 12:03:33
242,342477,334833,2015-03-20 12:03:33
243,318722,319271,2015-03-20 12:03:33
244,318722,349949,2015-03-20 12:03:33
245,318722,321933,2015-03-20 12:03:33
246,327887,363670,2015-03-20 12:03:33
247,485360,486680,2015-03-20 12:03:33
248,550617,545493,2015-03-20 12:03:33
249,546950,546744,2015-03-20 12:03:33
250,107278,95972,2015-03-20 12:03:33
251,127875,75017,2015-03-20 12:03:33
252,140505,143527,2015-03-20 12:03:33
253,263319,263320,2015-03-20 12:03:33
254,185055,133182,2015-03-20 12:03:33
255,136058,144194,2015-03-20 12:03:33
256,262387,262686,2015-03-20 12:03:33
257,186854,266928,2015-03-20 12:03:33
258,254699,267528,2015-03-20 12:03:33
259,254699,260790,2015-03-20 12:03:33
260,252361,246904,2015-03-20 12:03:33
261,252361,255260,2015-03-20 12:03:33
262,473177,434750,2015-03-20 12:03:33
263,473678,324795,2015-03-20 12:03:33
264,482417,482426,2015-03-20 12:03:33
265,549023,545872,2015-03-20 12:03:33
266,544500,478408,2015-03-20 12:03:33
267,547673,542286,2015-03-20 12:03:33
268,547673,542708,2015-03-20 12:03:33
269,547673,543616,2015-03-20 12:03:33
270,433693,479144,2015-03-20 12:03:33
271,433693,483112,2015-03-20 12:03:33
272,559336,542459,2015-03-20 12:03:33
273,130766,132163,2015-03-20 12:03:33
274,132458,139176,2015-03-20 12:03:33
275,137548,134911,2015-03-20 12:03:33
276,190607,189746,2015-03-20 12:03:33
277,254099,190016,2015-03-20 12:03:33
278,189028,190448,2015-03-20 12:03:33
279,241067,240710,2015-03-20 12:03:33
280,262959,262986,2015-03-20 12:03:33
281,262959,259568,2015-03-20 12:03:33
282,189072,257480,2015-03-20 12:03:33
283,131591,263387,2015-03-20 12:03:33
284,331759,325813,2015-03-20 12:03:33
285,335477,318651,2015-03-20 12:03:33
286,366770,409252,2015-03-20 12:03:33
287,341169,328183,2015-03-20 12:03:33
288,366770,409842,2015-03-20 12:03:33
289,414062,323874,2015-03-20 12:03:33
290,414062,330809,2015-03-20 12:03:33
291,414062,327510,2015-03-20 12:03:33
292,426304,478913,2015-03-20 12:03:33
293,426304,478809,2015-03-20 12:03:33
294,543163,478701,2015-03-20 12:03:33
295,543163,479733,2015-03-20 12:03:33
296,545044,542691,2015-03-20 12:03:33
297,546193,477612,2015-03-20 12:03:33
298,141528,135142,2015-03-20 12:03:33
299,132197,130905,2015-03-20 12:03:33
300,132197,140728,2015-03-20 12:03:33
301,132197,133207,2015-03-20 12:03:33
302,131312,142251,2015-03-20 12:03:33
303,131312,181135,2015-03-20 12:03:33
304,141284,131635,2015-03-20 12:03:33
305,141284,136057,2015-03-20 12:03:33
306,182675,264892,2015-03-20 12:03:33
307,189813,189760,2015-03-20 12:03:33
308,267345,146734,2015-03-20 12:03:33
309,260774,178656,2015-03-20 12:03:33
310,288818,189072,2015-03-20 12:03:33
311,321909,318034,2015-03-20 12:03:33
312,408539,342252,2015-03-20 12:03:33
313,325439,325725,2015-03-20 12:03:33
314,435014,419774,2015-03-20 12:03:33
315,485620,477505,2015-03-20 12:03:33
316,541865,544636,2015-03-20 12:03:33
317,554624,478548,2015-03-20 12:03:33
318,554624,479573,2015-03-20 12:03:33
319,554624,550574,2015-03-20 12:03:33
320,556160,477956,2015-03-20 12:03:33
321,556160,547215,2015-03-20 12:03:33
322,21473,22441,2015-03-20 12:03:33
323,130489,139533,2015-03-20 12:03:33
324,130489,130926,2015-03-20 12:03:33
325,130489,131575,2015-03-20 12:03:33
326,134915,130322,2015-03-20 12:03:33
327,142245,185180,2015-03-20 12:03:33
328,142245,179929,2015-03-20 12:03:33
329,131990,132719,2015-03-20 12:03:33
330,181873,181891,2015-03-20 12:03:33
331,181873,190151,2015-03-20 12:03:33
332,251834,257397,2015-03-20 12:03:33
333,251834,271951,2015-03-20 12:03:33
334,251834,285213,2015-03-20 12:03:33
335,257792,269247,2015-03-20 12:03:33
336,263865,241288,2015-03-20 12:03:33
337,263313,274927,2015-03-20 12:03:33
338,322867,323785,2015-03-20 12:03:33
339,317634,324859,2015-03-20 12:03:33
340,317981,317793,2015-03-20 12:03:33
341,433692,322903,2015-03-20 12:03:33
342,480379,547255,2015-03-20 12:03:33
343,318214,409877,2015-03-20 12:03:33
344,484923,485231,2015-03-20 12:03:33
345,484923,485232,2015-03-20 12:03:33
346,484923,485233,2015-03-20 12:03:33
347,484923,485353,2015-03-20 12:03:33
348,484923,485354,2015-03-20 12:03:33
349,484923,485236,2015-03-20 12:03:33
350,484923,485243,2015-03-20 12:03:33
351,484923,485242,2015-03-20 12:03:33
352,484923,485241,2015-03-20 12:03:33
353,484923,485238,2015-03-20 12:03:33
354,484923,485239,2015-03-20 12:03:33
355,484923,485240,2015-03-20 12:03:33
356,484923,485244,2015-03-20 12:03:33
357,484923,485245,2015-03-20 12:03:33
358,484923,485246,2015-03-20 12:03:33
359,484923,485355,2015-03-20 12:03:33
360,484923,485248,2015-03-20 12:03:33
361,484923,485261,2015-03-20 12:03:33
362,484923,485262,2015-03-20 12:03:33
363,484923,485357,2015-03-20 12:03:33
364,484923,485251,2015-03-20 12:03:33
365,484923,485253,2015-03-20 12:03:33
366,484923,485250,2015-03-20 12:03:33
367,484923,485254,2015-03-20 12:03:33
368,484923,485260,2015-03-20 12:03:33
369,484923,485358,2015-03-20 12:03:33
370,543093,545882,2015-03-20 12:03:33
371,544591,549810,2015-03-20 12:03:33
372,145294,142384,2015-03-20 12:03:33
373,145294,144651,2015-03-20 12:03:33
374,145294,144372,2015-03-20 12:03:33
375,131416,142252,2015-03-20 12:03:33
376,131416,144589,2015-03-20 12:03:33
377,136464,136017,2015-03-20 12:03:33
378,136464,138545,2015-03-20 12:03:33
379,180238,131797,2015-03-20 12:03:33
380,134239,136014,2015-03-20 12:03:33
381,260871,254085,2015-03-20 12:03:33
382,134239,143133,2015-03-20 12:03:33
383,327447,329238,2015-03-20 12:03:33
384,327447,329760,2015-03-20 12:03:33
385,327447,330413,2015-03-20 12:03:33
386,327447,331588,2015-03-20 12:03:33
387,409948,403678,2015-03-20 12:03:33
388,370951,328981,2015-03-20 12:03:33
389,370951,334825,2015-03-20 12:03:33
390,370951,331311,2015-03-20 12:03:33
391,435011,409157,2015-03-20 12:03:33
392,483393,488115,2015-03-20 12:03:33
393,479913,484145,2015-03-20 12:03:33
394,552928,478660,2015-03-20 12:03:33
395,477119,477137,2015-03-20 12:03:33
396,477119,477357,2015-03-20 12:03:33
397,477119,479409,2015-03-20 12:03:33
398,477119,560720,2015-03-20 12:03:33
399,477119,560749,2015-03-20 12:03:33
400,477119,560784,2015-03-20 12:03:33
401,477119,560777,2015-03-20 12:03:33
402,75027,75035,2015-03-20 12:03:33
403,30879,99299,2015-03-20 12:03:33
404,143052,138695,2015-03-20 12:03:33
405,186847,240939,2015-03-20 12:03:33
406,135137,257523,2015-03-20 12:03:33
407,189813,190131,2015-03-20 12:03:33
408,189813,241825,2015-03-20 12:03:33
409,243222,248138,2015-03-20 12:03:33
410,267345,130917,2015-03-20 12:03:33
411,131084,130530,2015-03-20 12:03:33
412,285497,273966,2015-03-20 12:03:33
413,142091,251710,2015-03-20 12:03:33
414,142091,254960,2015-03-20 12:03:33
415,142091,286791,2015-03-20 12:03:33
416,142091,297401,2015-03-20 12:03:33
417,142091,297518,2015-03-20 12:03:33
418,142091,298372,2015-03-20 12:03:33
419,332503,323873,2015-03-20 12:03:33
420,332503,325201,2015-03-20 12:03:33
421,323812,325832,2015-03-20 12:03:33
422,391215,397096,2015-03-20 12:03:33
423,391215,397114,2015-03-20 12:03:33
424,391215,397115,2015-03-20 12:03:33
425,391215,397117,2015-03-20 12:03:33
426,391215,397118,2015-03-20 12:03:33
427,391215,397119,2015-03-20 12:03:33
428,391215,397121,2015-03-20 12:03:33
429,391215,402666,2015-03-20 12:03:33
430,391215,397098,2015-03-20 12:03:33
431,391215,397123,2015-03-20 12:03:33
432,391215,397124,2015-03-20 12:03:33
433,391215,397125,2015-03-20 12:03:33
434,391215,397126,2015-03-20 12:03:33
435,391215,397127,2015-03-20 12:03:33
436,391215,397128,2015-03-20 12:03:33
437,391215,397129,2015-03-20 12:03:33
438,391215,397130,2015-03-20 12:03:33
439,391215,397089,2015-03-20 12:03:33
440,391215,397090,2015-03-20 12:03:33
441,391215,397099,2015-03-20 12:03:33
442,391215,397102,2015-03-20 12:03:33
443,391215,397103,2015-03-20 12:03:33
444,391215,397104,2015-03-20 12:03:33
445,391215,397105,2015-03-20 12:03:33
446,391215,397113,2015-03-20 12:03:33
447,391215,397091,2015-03-20 12:03:33
448,391215,397092,2015-03-20 12:03:33
449,391215,397107,2015-03-20 12:03:33
450,391215,397108,2015-03-20 12:03:33
451,391215,397109,2015-03-20 12:03:33
452,391215,397095,2015-03-20 12:03:33
453,391215,397111,2015-03-20 12:03:33
454,391215,403465,2015-03-20 12:03:33
455,405834,409600,2015-03-20 12:03:33
456,318359,409855,2015-03-20 12:03:33
457,430785,402570,2015-03-20 12:03:33
458,253982,257907,2015-03-20 12:03:33
459,191008,291820,2015-03-20 12:03:33
460,191008,293055,2015-03-20 12:03:33
461,433694,420428,2015-03-20 12:03:33
462,335486,335921,2015-03-20 12:03:33
463,552239,481586,2015-03-20 12:03:33
464,552239,481583,2015-03-20 12:03:33
465,552239,549701,2015-03-20 12:03:33
466,81552,79694,2015-03-20 12:03:33
467,77787,77108,2015-03-20 12:03:33
468,25485,93996,2015-03-20 12:03:33
469,130208,131555,2015-03-20 12:03:33
470,130208,137895,2015-03-20 12:03:33
471,136056,139174,2015-03-20 12:03:33
472,130750,183538,2015-03-20 12:03:33
473,136008,137200,2015-03-20 12:03:33
474,145257,244285,2015-03-20 12:03:33
475,131284,139586,2015-03-20 12:03:33
476,247149,187062,2015-03-20 12:03:33
477,247149,188920,2015-03-20 12:03:33
478,142404,130305,2015-03-20 12:03:33
479,130328,131947,2015-03-20 12:03:33
480,249222,250575,2015-03-20 12:03:33
481,323293,324518,2015-03-20 12:03:33
482,319614,321602,2015-03-20 12:03:33
483,319614,323294,2015-03-20 12:03:33
484,397134,342189,2015-03-20 12:03:33
485,406858,366436,2015-03-20 12:03:33
486,406858,390950,2015-03-20 12:03:33
487,474080,346391,2015-03-20 12:03:33
488,75027,75021,2015-03-20 12:03:33
489,75027,17809,2015-03-20 12:03:33
490,75027,17817,2015-03-20 12:03:33
491,75027,18842,2015-03-20 12:03:33
492,75027,84422,2015-03-20 12:03:33
493,96028,86916,2015-03-20 12:03:33
494,254679,242579,2015-03-20 12:03:33
495,185260,177153,2015-03-20 12:03:33
496,254679,242886,2015-03-20 12:03:33
497,183416,242181,2015-03-20 12:03:33
498,186460,186840,2015-03-20 12:03:33
499,186460,186365,2015-03-20 12:03:33
500,186460,187050,2015-03-20 12:03:33
501,176075,252488,2015-03-20 12:03:33
502,130714,183264,2015-03-20 12:03:33
503,240198,240781,2015-03-20 12:03:33
504,240198,130550,2015-03-20 12:03:33
505,240198,138480,2015-03-20 12:03:33
506,318074,322244,2015-03-20 12:03:33
507,319656,317863,2015-03-20 12:03:33
508,319656,322214,2015-03-20 12:03:33
509,405073,328486,2015-03-20 12:03:33
510,326824,400482,2015-03-20 12:03:33
511,420117,332944,2015-03-20 12:03:33
512,470820,471550,2015-03-20 12:03:33
513,475437,327332,2015-03-20 12:03:33
514,475437,318464,2015-03-20 12:03:33
515,475437,317686,2015-03-20 12:03:33
516,475437,420272,2015-03-20 12:03:33
517,475437,419742,2015-03-20 12:03:33
518,475437,328007,2015-03-20 12:03:33
519,475437,434755,2015-03-20 12:03:33
520,475437,425686,2015-03-20 12:03:33
521,475437,321792,2015-03-20 12:03:33
522,477811,477141,2015-03-20 12:03:33
523,548170,550622,2015-03-20 12:03:33
524,556323,544546,2015-03-20 12:03:33
525,556323,544521,2015-03-20 12:03:33
526,556323,552184,2015-03-20 12:03:33
527,485294,485640,2015-03-20 12:03:33
528,553077,556140,2015-03-20 12:03:33
529,145805,145090,2015-03-20 12:03:33
530,134844,180213,2015-03-20 12:03:33
531,130911,134863,2015-03-20 12:03:33
532,289012,289311,2015-03-20 12:03:33
533,183183,256227,2015-03-20 12:03:33
534,140584,183881,2015-03-20 12:03:33
535,130714,143636,2015-03-20 12:03:33
536,287072,183416,2015-03-20 12:03:33
537,318599,321862,2015-03-20 12:03:33
538,358630,367769,2015-03-20 12:03:33
539,324401,335321,2015-03-20 12:03:33
540,365909,141284,2015-03-20 12:03:33
541,342870,404686,2015-03-20 12:03:33
542,334940,330190,2015-03-20 12:03:33
543,334940,334426,2015-03-20 12:03:33
544,335721,335845,2015-03-20 12:03:33
545,335721,318335,2015-03-20 12:03:33
546,402932,318007,2015-03-20 12:03:33
547,335721,131084,2015-03-20 12:03:33
548,327744,323267,2015-03-20 12:03:33
549,336378,324947,2015-03-20 12:03:33
550,488358,487954,2015-03-20 12:03:33
551,547934,488038,2015-03-20 12:03:33
552,547934,542945,2015-03-20 12:03:33
553,552094,546420,2015-03-20 12:03:33
554,562899,563327,2015-07-13 14:59:34
555,562899,563806,2015-07-13 14:59:34
556,567399,563966,2015-07-15 08:38:25
557,568258,564285,2015-10-11 13:02:02
558,562225,562905,2015-10-27 15:35:56
559,562225,563631,2015-10-27 15:36:23
560,569934,569932,2015-11-09 16:15:39
561,570000,569011,2015-11-11 11:29:52
562,568878,569030,2015-11-16 10:02:14
563,568878,569031,2015-11-16 10:02:14
564,568878,569032,2015-11-16 10:02:14
565,568878,569033,2015-11-16 10:02:14
566,568878,569034,2015-11-16 10:02:14
567,568878,569036,2015-11-16 10:02:14
568,568878,569038,2015-11-16 10:02:14
569,568878,569039,2015-11-16 10:02:14
570,568878,569040,2015-11-16 10:02:14
571,568878,569041,2015-11-16 10:02:14
572,568878,569042,2015-11-16 10:02:14
573,568879,569043,2015-11-16 10:09:45
574,568879,569045,2015-11-16 10:09:45
575,568879,569046,2015-11-16 10:09:45
576,568879,569047,2015-11-16 10:09:45
577,568879,569048,2015-11-16 10:09:45
578,568879,569050,2015-11-16 10:09:45
579,568879,569051,2015-11-16 10:09:45
580,568879,569052,2015-11-16 10:09:45
581,568879,569053,2015-11-16 10:09:45
582,568879,569054,2015-11-16 10:09:45
583,568879,569055,2015-11-16 10:09:45
584,568879,569056,2015-11-16 10:09:45
585,568879,569058,2015-11-16 10:09:45
586,558326,559336,2015-12-14 12:32:14
587,562992,568299,2016-01-11 13:18:58
589,563813,563746,2016-01-31 09:42:33
590,575629,572952,2016-02-22 11:45:55
591,575628,564146,2016-02-29 10:55:02
594,575626,562454,2016-02-29 14:29:47
595,563812,564021,2016-03-01 11:29:48
596,576822,564177,2016-03-07 10:24:19
597,576822,566482,2016-03-07 10:24:19
598,576452,574791,2016-03-07 15:16:42
599,574489,568963,2016-03-09 15:06:20
600,576455,543184,2016-03-14 10:27:41
603,578174,573896,2016-03-22 12:04:18
604,566817,567434,2016-03-27 09:36:06
605,566817,567684,2016-03-27 09:36:06
609,578099,576497,2016-03-28 15:20:11
610,568876,562343,2016-03-29 09:16:53
611,568876,570629,2016-03-29 09:16:53
612,568876,570722,2016-03-29 09:16:53
613,556160,563468,2016-05-23 08:17:47
614,556160,565738,2016-05-23 08:17:47
615,568876,486506,2016-05-24 15:14:37
616,2002733,565262,2016-05-25 08:39:17
617,562962,569132,2016-05-26 13:45:37
618,576454,563061,2016-05-30 12:49:56
619,576454,567031,2016-05-30 12:49:56
622,572667,565632,2016-06-21 10:42:54
623,569691,570028,2016-06-21 10:56:06
624,574745,565601,2016-06-27 13:04:04
625,574745,565831,2016-06-27 13:04:04
626,578856,570678,2016-07-06 15:03:59
627,568251,2003746,2016-07-18 10:54:55
629,571383,564930,2016-07-19 17:28:50
630,571383,571348,2016-07-19 17:28:50
631,2005581,2004686,2016-07-19 17:35:58
633,576953,579326,2016-07-20 11:24:30
636,572568,577436,2016-07-21 08:19:57
637,2003896,565260,2016-07-25 11:31:48
638,2006478,573626,2016-07-26 17:42:30
639,578858,564579,2016-08-01 14:21:08
640,2006831,2006337,2016-08-02 14:36:20
641,2006829,565764,2016-11-01 09:57:52
642,2006829,574902,2016-11-01 09:57:52
643,2006829,577623,2016-11-01 09:57:52
644,2006669,2005832,2016-11-01 12:08:24
645,2006828,2004682,2016-11-01 16:24:11
646,576762,576716,2016-11-07 11:25:36
647,2006904,573332,2016-11-15 11:12:54
648,2008563,569793,2016-11-28 09:59:38
649,2006778,564595,2016-11-29 14:32:59
650,567712,2004949,2016-11-29 15:05:49
651,567712,2008190,2016-11-29 15:05:49
652,2008592,563132,2016-12-01 09:19:21
653,2008592,563842,2016-12-01 09:19:20
654,2008592,568132,2016-12-01 09:19:21
655,2010317,569061,2016-12-06 09:21:44
656,2010317,569441,2016-12-06 09:21:44
657,2008583,574371,2016-12-08 14:15:02
658,2008585,2005876,2016-12-08 14:19:47
659,2007975,2008544,2016-12-21 11:56:05
660,2007975,2008545,2016-12-21 11:56:05
661,2007975,2008546,2016-12-21 11:56:05
662,2007975,2008547,2016-12-21 11:56:05
663,2007975,2008548,2016-12-21 11:56:05
664,2007975,2008551,2016-12-21 11:56:05
665,2007975,2008552,2016-12-21 11:56:05
666,2007975,2008553,2016-12-21 11:56:05
667,2007975,2008555,2016-12-21 11:56:05
668,2007975,2008557,2016-12-21 11:56:05
669,2007975,2008559,2016-12-21 11:56:05
670,2007975,2008560,2016-12-21 11:56:05
671,2007975,2008561,2016-12-21 11:56:05
672,2007975,2008563,2016-12-21 11:56:05
673,2007975,2008567,2016-12-21 11:56:05
674,2007975,2011136,2016-12-21 11:56:05
675,2007976,2008581,2016-12-21 13:29:08
676,2007976,2008582,2016-12-21 13:29:08
677,2007976,2008583,2016-12-21 13:29:08
678,2007976,2008584,2016-12-21 13:29:08
679,2007976,2008585,2016-12-21 13:29:08
680,2007976,2008586,2016-12-21 13:29:08
681,2007976,2008588,2016-12-21 13:29:08
682,2007976,2008589,2016-12-21 13:29:08
683,2007976,2008590,2016-12-21 13:29:08
684,2007976,2008592,2016-12-21 13:29:08
685,2007976,2008593,2016-12-21 13:29:08
686,2007976,2008594,2016-12-21 13:29:08
687,2007976,2008597,2016-12-21 13:29:08
688,2007976,2008598,2016-12-21 13:29:08
689,2007976,2008600,2016-12-21 13:29:08
690,2007976,2008836,2016-12-21 13:29:08
691,2007976,2008837,2016-12-21 13:29:08
692,2007976,2009212,2016-12-21 13:29:09
693,2007976,2009482,2016-12-21 13:29:09
694,2007976,2010317,2016-12-21 13:29:09
695,2007976,2010324,2016-12-21 13:29:08
696,2007976,2010857,2016-12-21 13:29:09
699,2010691,562393,2017-01-17 08:37:28
700,2011026,2011061,2017-01-17 13:09:16
701,2006830,571578,2017-01-23 14:34:35
707,577817,578429,2017-01-24 11:44:20
708,577817,578588,2017-01-24 11:44:20
709,567164,568388,2017-01-24 13:33:20
710,2003633,567920,2017-01-25 14:53:46
711,2003633,575024,2017-01-25 14:53:46
712,562858,564973,2017-01-30 11:55:17
713,562858,568733,2017-01-30 11:55:17
714,576454,575158,2017-01-31 10:17:22
715,2005069,563450,2017-01-31 10:18:39
716,566812,2005780,2017-01-31 13:38:18
717,563437,572133,2017-01-31 14:08:31
718,563438,572136,2017-02-20 10:23:08
719,562446,562507,2017-02-20 13:53:26
720,568470,2007274,2017-02-27 12:33:00
721,2005589,570971,2017-02-28 09:50:01
722,2005589,2004312,2017-02-28 09:50:01
725,2005582,578498,2017-03-01 12:40:10
726,2015476,564718,2017-03-08 12:43:03
727,2011818,2012033,2017-03-14 12:10:05
728,566812,2009828,2017-03-14 14:11:09
730,563748,2015476,2017-03-15 15:47:39
732,573610,2010685,2017-03-19 12:57:33
734,2013626,2013974,2017-03-20 22:55:16
736,2015300,2013475,2017-03-21 09:16:54
737,2012821,563748,2017-03-21 10:08:23
738,2003234,2004737,2017-03-21 10:57:18
740,2006776,562195,2017-03-21 19:16:02
741,2006776,563069,2017-03-21 19:16:02
742,2006776,563096,2017-03-21 19:16:02
743,2006776,564257,2017-03-21 19:16:02
744,2006776,566120,2017-03-21 19:16:02
745,2006776,567956,2017-03-21 19:16:02
746,2013582,2011838,2017-05-16 12:05:51
756,568961,575609,2017-06-05 13:06:10
757,2015814,562293,2017-06-07 11:05:07
758,2015814,565631,2017-06-07 11:05:07
759,2015814,577472,2017-06-07 11:05:07
760,2015814,2005998,2017-06-07 11:05:07
761,2015814,2008510,2017-06-07 11:05:07
762,2015814,2009754,2017-06-07 11:05:07
763,2015814,2010522,2017-06-07 11:05:07
764,2015814,2012753,2017-06-07 11:05:07
767,550456,563955,2017-06-27 14:25:32
768,550456,569400,2017-06-27 14:25:32
770,571226,2011431,2017-07-03 14:13:49
771,576291,2008633,2017-07-05 11:17:21
772,576291,2017102,2017-07-05 11:17:21
773,2007474,562597,2017-07-17 12:50:16
774,2007474,2008461,2017-07-17 12:50:16
775,2007474,2014259,2017-07-17 12:50:16
776,2007474,2016588,2017-07-17 12:50:16
777,2015238,2016251,2017-07-26 13:11:33
778,563491,2003942,2017-09-26 10:35:29
781,2011617,2017127,2017-11-06 11:50:32
782,577400,566983,2017-11-15 11:37:32
783,2006829,575754,2017-11-16 08:39:43
784,2006758,562844,2017-11-21 11:20:09
785,2011567,577014,2017-11-22 11:08:19
786,2009109,2008578,2017-11-28 10:33:03
787,2023546,2021288,2017-11-29 09:33:26
788,2023546,2021512,2017-11-29 09:33:26
789,2024737,2021829,2017-12-19 13:13:52
790,2024738,2003759,2017-12-20 11:48:38
791,569226,573877,2018-01-16 12:23:46
792,565678,568290,2018-01-16 14:03:14
793,574720,574899,2018-01-17 11:19:59
794,574720,2014398,2018-01-17 11:19:59
795,574720,2022433,2018-01-17 11:19:59
796,574720,576924,2018-01-17 11:19:59
797,2064836,574720,2018-02-04 10:04:38
798,574770,2004913,2018-02-07 10:23:07
799,2065660,2021711,2018-02-20 11:53:58
800,2065656,2023179,2018-02-25 10:06:17
801,2063893,2008869,2018-02-26 13:43:00
802,2063893,2009615,2018-02-26 13:43:00
803,2063893,2009673,2018-02-26 13:43:00
804,578930,2013180,2018-02-27 12:38:20
805,574770,2023743,2018-02-27 16:14:33
806,2019860,2012232,2018-02-28 09:55:04
807,2019860,2012323,2018-02-28 09:55:04
809,2010735,2023541,2018-03-04 13:19:03
811,2066200,2021253,2018-03-04 13:36:32
812,2065626,2018621,2018-03-05 09:55:26
813,2065623,2025690,2018-03-06 14:33:51
814,2066031,2022833,2018-03-07 14:49:34
815,2066031,2022911,2018-03-07 14:49:34
816,2019049,2024433,2018-03-13 11:02:58
817,2019049,2064323,2018-03-13 11:02:58
829,2065304,2065600,2018-03-14 16:16:26
830,2065304,2065602,2018-03-14 16:16:26
831,2065304,2065603,2018-03-14 16:16:26
832,2065304,2065604,2018-03-14 16:16:26
833,2065304,2065605,2018-03-14 16:16:26
834,2065304,2065607,2018-03-14 16:16:26
835,2065304,2065608,2018-03-14 16:16:26
836,2065304,2065651,2018-03-14 16:16:26
837,2065304,2065653,2018-03-14 16:16:26
838,2065304,2065656,2018-03-14 16:16:26
839,2065304,2065662,2018-03-14 16:16:26
840,2065305,2065609,2018-03-14 16:39:33
841,2065305,2065610,2018-03-14 16:39:33
842,2065305,2065611,2018-03-14 16:39:33
843,2065305,2065616,2018-03-14 16:39:33
844,2065305,2065617,2018-03-14 16:39:33
845,2065305,2065618,2018-03-14 16:39:33
846,2065305,2065622,2018-03-14 16:39:33
847,2065305,2065623,2018-03-14 16:39:33
848,2065305,2065624,2018-03-14 16:39:33
849,2065305,2065625,2018-03-14 16:39:33
850,2065305,2065626,2018-03-14 16:39:33
851,2065305,2065629,2018-03-14 16:39:33
852,2065305,2065631,2018-03-14 16:39:33
853,2008949,565278,2018-05-01 14:32:41
854,564434,2019405,2018-05-10 11:16:54
855,2019787,2017242,2018-05-15 12:27:46
856,2019787,2011126,2018-05-15 12:27:46
857,562516,2005803,2018-05-15 15:48:41
858,562516,2004881,2018-05-15 15:48:41
859,562212,562414,2018-05-21 09:44:03
860,562212,573772,2018-05-21 09:44:03
861,2066456,2020219,2018-05-22 10:48:48
862,573537,576949,2018-05-27 13:48:02
863,573537,575371,2018-05-27 13:48:02
864,2022051,2064901,2018-05-28 11:27:45
865,2018336,2018208,2018-06-04 13:55:19
866,2020202,2024855,2018-06-17 10:45:48
867,572152,2010477,2018-06-21 13:41:25
868,563340,564985,2018-06-26 13:54:48
869,2065822,572600,2018-07-02 19:35:47
870,564049,565377,2018-07-03 10:42:49
871,2019754,2024789,2018-07-03 13:03:53
872,2019754,2020715,2018-07-03 13:03:53
873,2013892,2065435,2018-07-04 12:46:57
874,2065637,2017029,2018-07-04 12:58:10
875,2068501,574559,2018-07-09 14:59:50
876,2071784,2004827,2018-07-09 15:08:42
877,2015885,564083,2018-07-10 08:56:14
878,2072536,2014757,2018-07-10 15:08:30
879,2068500,2013224,2018-07-11 08:17:45
880,578930,562317,2018-07-11 11:36:09
881,2019754,562846,2018-07-17 15:52:08
882,2019754,2020642,2018-07-17 15:52:08
883,2072943,2073186,2018-07-18 11:33:56
886,2073729,567007,2018-10-08 11:25:55
887,2073729,564050,2018-10-08 11:25:55
888,2066455,564375,2018-11-07 14:38:09
889,2066455,2064532,2018-11-07 14:38:09
890,2020808,572685,2018-11-13 12:14:07
891,2019018,2010919,2018-11-13 15:34:08
892,2020000,2020555,2018-11-18 08:57:51
893,2074279,2074284,2018-11-19 16:18:37
894,2068441,2019903,2018-11-20 10:57:34
895,2074555,2014910,2018-11-20 11:36:01
896,2074555,2014129,2018-11-20 11:36:01
897,562559,2022708,2018-11-21 16:04:20
898,2075145,2013611,2018-11-26 12:08:06
899,2075145,2023360,2018-11-26 12:08:06
900,2075145,2065876,2018-11-26 12:08:06
901,2076657,2075729,2018-11-28 09:17:15
902,2023096,2064342,2018-11-28 10:47:23
903,563328,566985,2018-12-19 15:07:57
909,2078076,578250,2018-12-26 18:59:04
910,2078076,2066924,2018-12-26 18:59:04
911,2078076,2066889,2018-12-26 18:59:04
912,2078076,2066891,2018-12-26 18:59:04
913,2078076,2066929,2018-12-26 18:59:04
914,2025746,563008,2018-12-30 12:44:52
915,2025746,564299,2018-12-30 12:44:52
916,2025746,578761,2018-12-30 12:44:52
917,2077978,2075744,2018-12-30 14:35:33
918,2074166,2075056,2019-01-01 11:13:59
919,2077215,2077494,2019-01-01 13:12:31
920,2077215,2076890,2019-01-01 13:12:31
921,147162,2078384,2019-01-24 13:28:54
922,165137,165138,2019-12-05 15:35:41
923,165137,165139,2019-12-05 15:35:41
924,152124,152818,2019-12-05 15:35:41
925,157655,157654,2019-12-05 15:35:41
926,157668,157667,2019-12-05 15:35:41
927,157723,553277,2019-12-05 15:35:41
928,157723,157736,2019-12-05 15:35:41
929,157723,157674,2019-12-05 15:35:41
930,157723,157671,2019-12-05 15:35:41
931,174441,159356,2019-12-05 15:35:41
932,157769,157757,2019-12-05 15:35:41
933,157769,157767,2019-12-05 15:35:41
934,157769,157768,2019-12-05 15:35:41
935,157661,157677,2019-12-05 15:35:41
936,159514,157705,2019-12-05 15:35:41
937,163266,159514,2019-12-05 15:35:41
938,174546,157676,2019-12-05 15:35:41
939,132458,139176,2019-12-05 15:35:41
941,158730,159561,2019-12-05 15:35:41
942,159669,159361,2019-12-05 15:35:41
943,159529,159117,2019-12-05 15:35:41
944,158639,158566,2019-12-05 15:35:41
945,158630,158559,2019-12-05 15:35:41
946,159517,159109,2019-12-05 15:35:41
947,159720,158505,2019-12-05 15:35:41
948,157703,157704,2019-12-05 15:35:41
949,158189,157986,2019-12-05 15:35:41
950,158189,157984,2019-12-05 15:35:41
951,157895,157849,2019-12-05 15:35:41
952,157889,157468,2019-12-05 15:35:41
953,157670,157692,2019-12-05 15:35:41
954,157670,157693,2019-12-05 15:35:41
955,174499,157678,2019-12-05 15:35:41
956,174499,157718,2019-12-05 15:35:41
957,174499,157700,2019-12-05 15:35:41
958,174499,157734,2019-12-05 15:35:41
959,157282,157227,2019-12-05 15:35:41
960,157894,157682,2019-12-05 15:35:41
961,157894,157471,2019-12-05 15:35:41
962,159664,159287,2019-12-05 15:35:41
963,165406,157696,2019-12-05 15:35:41
964,165406,158553,2019-12-05 15:35:41
965,162285,158855,2019-12-05 15:35:41
966,162285,158856,2019-12-05 15:35:41
967,162285,158857,2019-12-05 15:35:41
968,162285,158858,2019-12-05 15:35:41
969,162285,158860,2019-12-05 15:35:41
970,157725,159948,2019-12-05 15:35:41
971,157901,157093,2019-12-05 15:35:41
972,163627,159445,2019-12-05 15:35:41
973,163627,163556,2019-12-05 15:35:41
974,159688,158821,2019-12-05 15:35:41
975,159688,158822,2019-12-05 15:35:41
976,159688,158823,2019-12-05 15:35:41
977,159688,158824,2019-12-05 15:35:41
978,159688,158825,2019-12-05 15:35:41
979,171830,157933,2019-12-05 15:35:41
980,171830,157934,2019-12-05 15:35:41
981,157652,157651,2019-12-05 15:35:41
982,159638,159351,2019-12-05 15:35:41
983,159638,159352,2019-12-05 15:35:41
984,172254,158818,2019-12-05 15:35:41
985,157753,157752,2019-12-05 15:35:41
986,157886,157433,2019-12-05 15:35:41
987,159519,159160,2019-12-05 15:35:41
988,159519,159161,2019-12-05 15:35:41
989,159519,159162,2019-12-05 15:35:41
990,159519,159163,2019-12-05 15:35:41
991,159519,159164,2019-12-05 15:35:41
992,159519,159165,2019-12-05 15:35:41
993,159519,159166,2019-12-05 15:35:41
994,159519,159167,2019-12-05 15:35:41
995,159519,159193,2019-12-05 15:35:41
996,174429,158390,2019-12-05 15:35:41
997,174429,157834,2019-12-05 15:35:41
998,157764,157761,2019-12-05 15:35:41
999,157764,157762,2019-12-05 15:35:41
1000,157764,157763,2019-12-05 15:35:41
1001,158617,158482,2019-12-05 15:35:41
1002,158617,157926,2019-12-05 15:35:41
1003,159510,159321,2019-12-05 15:35:41
1004,159510,159322,2019-12-05 15:35:41
1005,159510,159323,2019-12-05 15:35:41
1006,159510,159324,2019-12-05 15:35:41
1007,164230,159563,2019-12-05 15:35:41
1008,174524,159103,2019-12-05 15:35:41
1009,157600,157653,2019-12-05 15:35:41
1010,157600,157684,2019-12-05 15:35:41
1011,157600,157719,2019-12-05 15:35:41
1012,157648,157649,2019-12-05 15:35:41
1013,157707,157702,2019-12-05 15:35:41
1014,157707,157715,2019-12-05 15:35:41
1015,158399,157657,2019-12-05 15:35:41
1016,157656,157187,2019-12-05 15:35:41
1017,157713,157712,2019-12-05 15:35:41
1018,157189,157746,2019-12-05 15:35:41
1019,157189,157747,2019-12-05 15:35:41
1020,157709,157710,2019-12-05 15:35:41
1021,157709,157711,2019-12-05 15:35:41
1022,159686,170208,2019-12-05 15:35:41
1023,158138,158020,2019-12-05 15:35:41
1024,174496,158548,2019-12-05 15:35:41
1025,174496,158549,2019-12-05 15:35:41
1026,163266,157705,2019-12-05 15:35:41
1027,157920,157853,2019-12-05 15:35:41
1028,157751,157750,2019-12-05 15:35:41
1029,157765,157759,2019-12-05 15:35:41
1030,157765,157760,2019-12-05 15:35:41
1031,157911,157856,2019-12-05 15:35:41
1032,157911,157855,2019-12-05 15:35:41
1033,159646,159451,2019-12-05 15:35:41
1034,159646,159449,2019-12-05 15:35:41
1035,159539,158774,2019-12-05 15:35:41
1036,159655,159547,2019-12-05 15:35:41
1037,159701,159457,2019-12-05 15:35:41
1038,159701,158813,2019-12-05 15:35:41
1039,159711,159611,2019-12-05 15:35:41
1040,159713,159685,2019-12-05 15:35:41
1041,165296,165259,2019-12-05 15:35:41
1042,152319,152466,2019-12-05 15:35:41
1043,164032,164031,2019-12-05 15:35:41
1044,163631,162916,2019-12-05 15:35:41
1045,163631,162917,2019-12-05 15:35:41
1046,163631,162918,2019-12-05 15:35:41
1047,165144,164906,2019-12-05 15:35:41
1048,165144,164907,2019-12-05 15:35:41
1049,165144,164908,2019-12-05 15:35:41
1050,164153,164036,2019-12-05 15:35:41
1051,164153,164037,2019-12-05 15:35:41
1052,164265,163899,2019-12-05 15:35:41
1053,166180,164451,2019-12-05 15:35:41
1054,166180,164452,2019-12-05 15:35:41
1055,166180,164453,2019-12-05 15:35:41
1056,166180,166179,2019-12-05 15:35:41
1057,166180,164454,2019-12-05 15:35:41
1058,164017,164018,2019-12-05 15:35:41
1059,164017,164019,2019-12-05 15:35:41
1060,164017,164020,2019-12-05 15:35:41
1061,164017,164021,2019-12-05 15:35:41
1062,164984,164426,2019-12-05 15:35:41
1063,164984,164427,2019-12-05 15:35:41
1064,162974,162107,2019-12-05 15:35:41
1065,162974,162108,2019-12-05 15:35:41
1066,170682,165133,2019-12-05 15:35:41
1067,162768,162147,2019-12-05 15:35:41
1068,164457,163263,2019-12-05 15:35:41
1069,164457,163264,2019-12-05 15:35:41
1070,169974,163500,2019-12-05 15:35:41
1071,164953,164420,2019-12-05 15:35:41
1072,164952,164514,2019-12-05 15:35:41
1073,164374,164375,2019-12-05 15:35:41
1074,165143,165142,2019-12-05 15:35:41
1075,165173,162215,2019-12-05 15:35:41
1076,164390,163200,2019-12-05 15:35:41
1077,162536,162440,2019-12-05 15:35:41
1078,164226,163891,2019-12-05 15:35:41
1079,164264,168492,2019-12-05 15:35:41
1080,163087,163088,2019-12-05 15:35:41
1081,164237,163995,2019-12-05 15:35:41
1082,174186,174187,2019-12-05 15:35:41
1083,174186,174188,2019-12-05 15:35:41
1084,174186,174189,2019-12-05 15:35:41
1085,174369,174127,2019-12-05 15:35:41
1086,174369,174128,2019-12-05 15:35:41
1087,169750,169683,2019-12-05 15:35:41
1088,173947,173694,2019-12-05 15:35:41
1089,173947,173695,2019-12-05 15:35:41
1090,173947,173692,2019-12-05 15:35:41
1091,173617,173230,2019-12-05 15:35:41
1092,170028,168646,2019-12-05 15:35:41
1093,171109,168652,2019-12-05 15:35:41
1094,171109,168653,2019-12-05 15:35:41
1095,168356,167993,2019-12-05 15:35:41
1096,170286,170186,2019-12-05 15:35:41
1097,170276,168540,2019-12-05 15:35:41
1098,169006,168557,2019-12-05 15:35:41
1099,173782,173307,2019-12-05 15:35:41
1100,173777,172859,2019-12-05 15:35:41
1101,173777,172858,2019-12-05 15:35:41
1102,170526,170527,2019-12-05 15:35:41
1103,169019,168656,2019-12-05 15:35:41
1104,174236,174107,2019-12-05 15:35:41
1105,174311,174294,2019-12-05 15:35:41
1107,174328,173577,2019-12-05 15:35:41
1108,169014,168531,2019-12-05 15:35:41
1109,169973,169857,2019-12-05 15:35:41
1110,169973,169854,2019-12-05 15:35:41
1111,169973,169856,2019-12-05 15:35:41
1112,173882,173504,2019-12-05 15:35:41
1113,173882,173709,2019-12-05 15:35:41
1114,172571,172506,2019-12-05 15:35:41
1115,174374,173232,2019-12-05 15:35:41
1116,172140,171139,2019-12-05 15:35:41
1117,174307,173264,2019-12-05 15:35:41
1118,174063,174064,2019-12-05 15:35:41
1119,174063,174065,2019-12-05 15:35:41
1120,174063,174061,2019-12-05 15:35:41
1121,174063,174062,2019-12-05 15:35:41
1122,174063,174066,2019-12-05 15:35:41
1123,174297,173488,2019-12-05 15:35:41
1124,170413,170257,2019-12-05 15:35:41
1125,171255,170923,2019-12-05 15:35:41
1126,173620,173334,2019-12-05 15:35:41
1127,173870,172854,2019-12-05 15:35:41
1128,173870,172853,2019-12-05 15:35:41
1129,173936,173812,2019-12-05 15:35:41
1130,173936,173813,2019-12-05 15:35:41
1131,173933,172239,2019-12-05 15:35:41
1132,173933,172238,2019-12-05 15:35:41
1133,173933,172158,2019-12-05 15:35:41
1134,173933,172157,2019-12-05 15:35:41
1135,174321,173469,2019-12-05 15:35:41
1136,173877,171842,2019-12-05 15:35:41
1137,173860,172848,2019-12-05 15:35:41
1138,173294,172596,2019-12-05 15:35:41
1139,173294,172594,2019-12-05 15:35:41
1140,173294,172593,2019-12-05 15:35:41
1141,172531,172503,2019-12-05 15:35:41
1142,173946,172508,2019-12-05 15:35:41
1143,173866,173261,2019-12-05 15:35:41
1144,174105,174104,2019-12-05 15:35:41
1145,173716,173689,2019-12-05 15:35:41
1146,173883,173341,2019-12-05 15:35:41
1147,174171,174170,2019-12-05 15:35:41
1148,172138,171096,2019-12-05 15:35:41
1149,170293,169820,2019-12-05 15:35:41
1150,167802,167619,2019-12-05 15:35:41
1151,170738,168246,2019-12-05 15:35:41
1152,172717,172341,2019-12-05 15:35:41
1153,167858,169708,2019-12-05 15:35:41
1154,167858,167819,2019-12-05 15:35:41
1155,168994,168526,2019-12-05 15:35:41
1157,170270,170121,2019-12-05 15:35:41
1158,171104,171105,2019-12-05 15:35:41
1163,173780,173251,2019-12-05 15:35:41
1164,172659,172523,2019-12-05 15:35:41
1165,172978,172806,2019-12-05 15:35:41
1166,94205,173530,2019-12-05 15:35:41
1167,174509,553278,2019-12-05 15:35:41
1168,148369,553273,2019-12-05 15:35:41
1169,146870,553279,2019-12-05 15:35:41
1170,148500,553275,2019-12-05 15:35:41
1171,148476,553274,2019-12-05 15:35:41
1172,157105,553276,2019-12-05 15:35:41
1173,147302,553280,2019-12-05 15:35:41
1174,146920,553272,2019-12-05 15:35:41
1175,150169,553271,2019-12-05 15:35:41
1176,2140468,2086939,2020-06-16 14:38:32
1177,2140467,2087683,2020-06-16 14:39:17
1178,2141248,2087276,2020-07-05 15:15:08
1179,2140118,2087190,2020-07-07 13:59:33
1180,2142675,2141149,2020-07-14 12:50:40
1181,2085870,2086335,2020-08-04 11:29:27
1185,2142860,2141938,2020-08-09 12:01:37
1186,2085639,2086376,2020-08-11 08:36:37
1187,2085639,2086769,2020-08-11 08:36:37
1193,2144925,2085730,2020-08-26 09:05:43
1194,2144925,2085949,2020-08-26 09:05:43
1195,2144925,2086998,2020-08-26 09:05:43
1196,2144925,2086343,2020-08-26 09:05:43
1197,2144925,2087639,2020-08-26 09:05:43
1198,2146049,2085747,2020-10-25 09:34:03
1199,2147317,2143782,2020-10-28 10:51:44
1200,2147317,2143727,2020-10-28 10:51:44
1201,2147317,2144079,2020-10-28 10:51:44
1203,2148548,2148487,2020-11-17 11:26:09
1204,2086225,2141099,2020-11-17 12:43:03
1206,2150149,2147677,2020-12-07 11:30:16
1207,2139622,2140184,2020-12-07 13:54:52
1208,2088334,2139704,2020-12-08 09:52:09
1209,2150328,2147610,2020-12-08 14:41:29
1210,2150293,2142569,2020-12-15 15:18:41
1211,2151922,2146503,2021-01-06 16:22:20
