"LawMinistryID","IsraelLawID","GovMinistryID","LastUpdatedDate"
2135419,2000001,4,2014-09-10 14:27:17
2135420,2000002,18,2014-09-10 14:27:17
2135421,2000005,426,2014-09-10 14:27:17
2135422,2000006,21,2014-09-10 14:27:17
2135423,2000007,13,2014-09-10 14:27:17
2135425,2000007,300,2014-09-10 14:27:17
2135426,2000011,22,2014-09-10 14:27:17
2135428,2000014,487,2014-09-10 14:27:17
2135429,2000015,13,2014-09-10 14:27:17
2135430,2000017,21,2014-09-10 14:27:17
2135431,2000018,21,2014-09-10 14:27:17
2135433,2000020,486,2014-09-10 14:27:17
2135434,2000021,467,2014-09-10 14:27:17
2135435,2000022,6,2014-09-10 14:27:17
2135436,2000023,466,2014-09-10 14:27:17
2135437,2000024,6,2014-09-10 14:27:17
2135438,2000026,13,2014-09-10 14:27:17
2135439,2000029,10,2014-09-10 14:27:17
2135440,2000030,4,2014-09-10 14:27:17
2135441,2000031,19,2014-09-10 14:27:17
2135442,2000033,6,2014-09-10 14:27:17
2135443,2000034,6,2014-09-10 14:27:17
2135444,2000055,21,2014-09-10 14:27:17
2135445,2000056,4,2014-09-10 14:27:17
2135446,2000057,4,2014-09-10 14:27:17
2135447,2000057,426,2014-09-10 14:27:17
2135448,2000058,4,2014-09-10 14:27:17
2135449,2000059,15,2014-09-10 14:27:17
2135450,2000072,13,2014-09-10 14:27:17
2135451,2000075,13,2014-09-10 14:27:17
2135452,2000077,21,2014-09-10 14:27:17
2135453,2000078,324,2014-09-10 14:27:17
2135454,2000080,14,2014-09-10 14:27:17
2135455,2000081,15,2014-09-10 14:27:17
2135456,2000082,300,2014-09-10 14:27:17
2135457,2000083,13,2014-09-10 14:27:17
2135458,2000084,13,2015-05-12 15:28:25
2135459,2000085,13,2014-09-10 14:27:17
2135460,2000088,19,2014-09-10 14:27:17
2135461,2000089,13,2014-09-10 14:27:17
2135462,2000090,13,2014-09-10 14:27:17
2135463,2000091,15,2014-09-10 14:27:17
2135464,2000092,9,2014-09-10 14:27:17
2135465,2000093,15,2014-09-10 14:27:17
2135467,2000095,13,2014-09-10 14:27:17
2135468,2000096,4,2014-09-10 14:27:17
2135469,2000097,13,2014-09-10 14:27:17
2135470,2000098,4,2014-09-10 14:27:17
2135471,2000099,4,2014-09-10 14:27:17
2135472,2000100,4,2014-09-10 14:27:17
2135473,2000101,4,2014-09-10 14:27:17
2135474,2000102,4,2014-09-10 14:27:17
2135475,2000103,6,2014-09-10 14:27:17
2135477,2000105,9,2014-09-10 14:27:17
2135478,2000107,13,2014-09-10 14:27:17
2135479,2000108,13,2014-09-10 14:27:17
2135480,2000110,15,2014-09-10 14:27:17
2135481,2000111,19,2014-09-10 14:27:17
2135482,2000112,19,2014-09-10 14:27:17
2135483,2000113,4,2014-09-10 14:27:17
2135484,2000115,13,2014-09-10 14:27:17
2135485,2000116,7,2014-09-10 14:27:17
2135487,2000117,13,2016-08-07 14:12:35
2135488,2000118,13,2014-09-10 14:27:17
2135489,2000119,13,2014-09-10 14:27:17
2135490,2000120,9,2014-09-10 14:27:17
2135491,2000120,15,2014-09-10 14:27:17
2135492,2000121,28,2014-09-10 14:27:17
2135493,2000122,324,2014-09-10 14:27:17
2135494,2000124,15,2014-09-10 14:27:17
2135495,2000125,28,2014-09-10 14:27:17
2135497,2000129,13,2014-09-10 14:27:17
2135498,2000130,13,2014-09-10 14:27:17
2135499,2000131,13,2014-09-10 14:27:17
2135500,2000132,13,2014-09-10 14:27:17
2135501,2000134,13,2014-09-10 14:27:17
2135503,2000136,13,2014-09-10 14:27:17
2135504,2000138,15,2014-09-10 14:27:17
2135505,2000140,13,2014-09-10 14:27:17
2135506,2000141,13,2014-09-10 14:27:17
2135507,2000142,6,2014-09-10 14:27:17
2135508,2000145,13,2014-09-10 14:27:17
2135510,2000149,4,2014-09-10 14:27:17
2135511,2000149,486,2014-09-10 14:27:17
2135512,2000151,6,2014-09-10 14:27:17
2135513,2000152,13,2014-09-10 14:27:17
2135514,2000153,10,2014-09-10 14:27:17
2135515,2000156,6,2014-09-10 14:27:17
2135516,2000156,21,2014-09-10 14:27:17
2135517,2000156,15,2014-09-10 14:27:17
2135519,2000159,19,2014-09-10 14:27:17
2135525,2000166,4,2014-09-10 14:27:17
2135526,2000166,19,2014-09-10 14:27:17
2135527,2000167,13,2014-09-10 14:27:17
2135528,2000169,28,2014-09-10 14:27:17
2135529,2000170,15,2014-09-10 14:27:17
2135530,2000171,15,2014-09-10 14:27:17
2135531,2000172,446,2014-09-10 14:27:17
2135532,2000173,13,2014-09-10 14:27:17
2135533,2000174,426,2014-09-10 14:27:17
2135534,2000175,19,2014-09-10 14:27:17
2135535,2000176,13,2014-09-10 14:27:17
2135536,2000177,323,2014-09-10 14:27:17
2135537,2000178,28,2014-09-10 14:27:17
2135538,2000181,13,2014-09-10 14:27:17
2135539,2000186,13,2014-09-10 14:27:17
2135540,2000188,15,2014-09-10 14:27:17
2135541,2000191,15,2014-09-10 14:27:17
2135542,2000193,14,2014-09-10 14:27:17
2135544,2000198,14,2014-09-10 14:27:17
2135545,2000199,13,2014-09-10 14:27:17
2135546,2000200,4,2014-09-10 14:27:17
2135547,2000204,4,2014-09-10 14:27:17
2135548,2000205,4,2014-09-10 14:27:17
2135549,2000206,19,2014-09-10 14:27:17
2135550,2000207,19,2014-09-10 14:27:17
2135551,2000208,19,2014-09-10 14:27:17
2135553,2000210,13,2014-09-10 14:27:17
2135555,2000212,22,2014-09-10 14:27:17
2135556,2000213,467,2014-09-10 14:27:17
2135558,2000217,22,2014-09-10 14:27:17
2135563,2000232,21,2014-09-10 14:27:17
2135564,2000233,21,2014-09-10 14:27:17
2135565,2000234,13,2014-09-10 14:27:17
2135566,2000235,10,2014-09-10 14:27:17
2135567,2000237,51,2014-09-10 14:27:17
2135569,2000239,15,2014-09-10 14:27:17
2135570,2000240,15,2014-09-10 14:27:17
2135571,2000241,14,2014-09-10 14:27:17
2135572,2000242,7,2014-09-10 14:27:17
2135574,2000244,15,2014-09-10 14:27:17
2135575,2000245,21,2014-09-10 14:27:17
2135576,2000245,426,2014-09-10 14:27:17
2135577,2000247,51,2014-09-10 14:27:17
2135578,2000248,14,2014-09-10 14:27:17
2135579,2000249,13,2014-09-10 14:27:17
2135580,2000251,4,2014-09-10 14:27:17
2135582,2000253,13,2014-09-10 14:27:17
2135583,2000254,4,2014-09-10 14:27:17
2135584,2000255,4,2014-09-10 14:27:17
2135585,2000256,4,2014-09-10 14:27:17
2135586,2000257,4,2014-09-10 14:27:17
2135587,2000258,4,2014-09-10 14:27:17
2135588,2000259,4,2014-09-10 14:27:17
2135589,2000260,4,2014-09-10 14:27:17
2135590,2000261,4,2014-09-10 14:27:17
2135591,2000262,4,2014-09-10 14:27:17
2135593,2000263,4,2014-09-10 14:27:17
2135594,2000264,4,2014-09-10 14:27:17
2135595,2000265,4,2014-09-10 14:27:17
2135596,2000266,4,2014-09-10 14:27:17
2135597,2000267,4,2014-09-10 14:27:17
2135598,2000268,4,2014-09-10 14:27:17
2135599,2000270,4,2014-09-10 14:27:17
2135600,2000271,4,2014-09-10 14:27:17
2135601,2000272,4,2014-09-10 14:27:17
2135602,2000273,4,2014-09-10 14:27:17
2135603,2000274,4,2014-09-10 14:27:17
2135604,2000275,4,2014-09-10 14:27:17
2135605,2000276,4,2014-09-10 14:27:17
2135606,2000277,13,2014-09-10 14:27:17
2135607,2000278,6,2014-09-10 14:27:17
2135608,2000279,4,2014-09-10 14:27:17
2135609,2000280,10,2014-09-10 14:27:17
2135610,2000281,13,2014-09-10 14:27:17
2135614,2000286,300,2014-09-10 14:27:17
2135615,2000287,10,2014-09-10 14:27:17
2135616,2000288,4,2014-09-10 14:27:17
2135617,2000289,13,2014-09-10 14:27:17
2135618,2000290,4,2014-09-10 14:27:17
2135619,2000291,4,2014-09-10 14:27:17
2135620,2000292,13,2014-09-10 14:27:17
2135621,2000293,13,2014-09-10 14:27:17
2135622,2000295,13,2014-09-10 14:27:17
2135623,2000296,19,2014-09-10 14:27:17
2135624,2000297,21,2014-09-10 14:27:17
2135625,2000298,15,2014-09-10 14:27:17
2135626,2000302,6,2014-09-10 14:27:17
2135628,2000306,6,2014-09-10 14:27:17
2135629,2000306,22,2014-09-10 14:27:17
2135630,2000306,13,2014-09-10 14:27:17
2135632,2000308,4,2014-09-10 14:27:17
2135633,2000309,426,2014-09-10 14:27:17
2135634,2000310,426,2014-09-10 14:27:17
2135635,2000312,426,2014-09-10 14:27:17
2135636,2000321,51,2014-09-10 14:27:17
2135637,2000322,13,2014-09-10 14:27:17
2135638,2000323,15,2014-09-10 14:27:17
2135639,2000324,15,2014-09-10 14:27:17
2135640,2000325,487,2014-09-10 14:27:17
2135641,2000326,13,2014-09-10 14:27:17
2135642,2000328,4,2014-09-10 14:27:17
2135643,2000328,9,2014-09-10 14:27:17
2135644,2000329,13,2014-09-10 14:27:17
2135645,2000331,15,2014-09-10 14:27:17
2135646,2000332,22,2014-09-10 14:27:17
2135647,2000333,4,2014-09-10 14:27:17
2135648,2000334,426,2014-09-10 14:27:17
2135649,2000335,4,2014-09-10 14:27:17
2135650,2000336,4,2014-09-10 14:27:17
2135651,2000337,4,2014-09-10 14:27:17
2135653,2000339,324,2014-09-10 14:27:17
2135654,2000340,324,2014-09-10 14:27:17
2135655,2000341,324,2014-09-10 14:27:17
2135656,2000342,19,2014-09-10 14:27:17
2135657,2000343,51,2014-09-10 14:27:17
2135658,2000344,323,2014-09-10 14:27:17
2135659,2000345,324,2014-09-10 14:27:17
2135660,2000346,9,2014-09-10 14:27:17
2135661,2000347,10,2014-09-10 14:27:17
2135662,2000349,10,2014-09-10 14:27:17
2135663,2000350,10,2014-09-10 14:27:17
2135664,2000352,15,2014-09-10 14:27:17
2135665,2000353,15,2014-09-10 14:27:17
2135666,2000355,14,2014-09-10 14:27:17
2135667,2000356,13,2014-09-10 14:27:17
2135668,2000357,13,2014-09-10 14:27:17
2135669,2000358,28,2014-09-10 14:27:17
2135670,2000359,13,2014-09-10 14:27:17
2135671,2000361,4,2014-09-10 14:27:17
2135672,2000377,4,2014-09-10 14:27:17
2135673,2000381,467,2014-09-10 14:27:17
2135674,2000382,4,2014-09-10 14:27:17
2135675,2000383,6,2014-09-10 14:27:17
2135676,2000383,9,2014-09-10 14:27:17
2135677,2000384,4,2014-09-10 14:27:17
2135678,2000385,7,2014-09-10 14:27:17
2135679,2000386,7,2014-09-10 14:27:17
2135680,2000387,13,2014-09-10 14:27:17
2135681,2000390,13,2014-09-10 14:27:17
2135682,2000391,486,2014-09-10 14:27:17
2135683,2000392,4,2014-09-10 14:27:17
2135684,2000394,466,2014-09-10 14:27:17
2135685,2000396,4,2014-09-10 14:27:17
2135686,2000397,487,2014-09-10 14:27:17
2135688,2000414,467,2014-09-10 14:27:17
2135689,2000415,13,2014-09-10 14:27:17
2135690,2000416,13,2014-09-10 14:27:17
2135691,2000417,324,2014-09-10 14:27:17
2135692,2000418,13,2014-09-10 14:27:17
2135693,2000419,28,2014-09-10 14:27:17
2135694,2000420,28,2014-09-10 14:27:17
2135695,2000421,324,2014-09-10 14:27:17
2135696,2000422,324,2014-09-10 14:27:17
2135697,2000423,22,2014-09-10 14:27:17
2135698,2000423,13,2014-09-10 14:27:17
2135699,2000424,22,2014-09-10 14:27:17
2135701,2000427,13,2014-09-10 14:27:17
2135702,2000428,13,2014-09-10 14:27:17
2135703,2000429,13,2014-09-10 14:27:17
2135704,2000430,13,2014-09-10 14:27:17
2135705,2000432,324,2014-09-10 14:27:17
2135706,2000433,13,2014-09-10 14:27:17
2135707,2000434,14,2014-09-10 14:27:17
2135708,2000435,14,2014-09-10 14:27:17
2135709,2000436,13,2014-09-10 14:27:17
2135710,2000437,10,2014-09-10 14:27:17
2135711,2000439,6,2014-09-10 14:27:17
2135712,2000440,467,2014-09-10 14:27:17
2135713,2000441,28,2014-09-10 14:27:17
2135714,2000444,4,2014-09-10 14:27:17
2135715,2000444,10,2014-09-10 14:27:17
2135716,2000445,4,2014-09-10 14:27:17
2135717,2000448,4,2014-09-10 14:27:17
2135720,2000451,4,2014-09-10 14:27:17
2135721,2000452,4,2014-09-10 14:27:17
2135722,2000453,19,2014-09-10 14:27:17
2135723,2000454,19,2014-09-10 14:27:17
2135724,2000455,15,2014-09-10 14:27:17
2135725,2000456,13,2014-09-10 14:27:17
2135727,2000458,19,2014-09-10 14:27:17
2135729,2000460,13,2014-09-10 14:27:17
2135730,2000461,14,2014-09-10 14:27:17
2135731,2000462,13,2014-09-10 14:27:17
2135732,2000463,9,2014-09-10 14:27:17
2135733,2000463,14,2014-09-10 14:27:17
2135734,2000463,426,2014-09-10 14:27:17
2135735,2000464,324,2014-09-10 14:27:17
2135736,2000465,426,2014-09-10 14:27:17
2135737,2000466,426,2014-09-10 14:27:17
2135738,2000467,426,2014-09-10 14:27:17
2135739,2000468,426,2014-09-10 14:27:17
2135740,2000469,426,2014-09-10 14:27:17
2135741,2000471,467,2014-09-10 14:27:17
2135742,2000472,9,2014-09-10 14:27:17
2135743,2000473,324,2014-09-10 14:27:17
2135744,2000474,9,2014-09-10 14:27:17
2135745,2000475,13,2014-09-10 14:27:17
2135746,2000476,22,2014-09-10 14:27:17
2135748,2000478,14,2014-09-10 14:27:17
2135749,2000479,13,2014-09-10 14:27:17
2135750,2000481,22,2014-09-10 14:27:17
2135751,2000482,6,2014-09-10 14:27:17
2135752,2000483,19,2014-09-10 14:27:17
2135753,2000484,28,2014-09-10 14:27:17
2135754,2000485,13,2014-09-10 14:27:17
2135755,2000486,15,2014-09-10 14:27:17
2135757,2000489,13,2014-09-10 14:27:17
2135758,2000490,324,2014-09-10 14:27:17
2135759,2000491,4,2014-09-10 14:27:17
2135760,2000492,13,2014-09-10 14:27:17
2135761,2000493,21,2014-09-10 14:27:17
2135762,2000495,6,2014-09-10 14:27:17
2135763,2000496,19,2014-09-10 14:27:17
2135764,2000497,9,2014-09-10 14:27:17
2135765,2000498,9,2014-09-10 14:27:17
2135767,2000499,51,2014-09-10 14:27:17
2135768,2000501,467,2014-09-10 14:27:17
2135769,2000503,4,2014-09-10 14:27:17
2135770,2000504,4,2014-09-10 14:27:17
2135771,2000505,4,2014-09-10 14:27:17
2135772,2000506,19,2014-09-10 14:27:17
2135773,2000507,13,2014-09-10 14:27:17
2135774,2000508,467,2014-09-10 14:27:17
2135775,2000509,18,2014-09-10 14:27:17
2135776,2000510,13,2014-09-10 14:27:17
2135778,2000513,324,2014-09-10 14:27:17
2135779,2000514,13,2014-09-10 14:27:17
2135780,2000515,324,2014-09-10 14:27:17
2135781,2000516,9,2014-09-10 14:27:17
2135782,2000517,4,2014-09-10 14:27:17
2135783,2000519,21,2014-09-10 14:27:17
2135784,2000520,51,2014-09-10 14:27:17
2135785,2000521,4,2014-09-10 14:27:17
2135786,2000521,10,2014-09-10 14:27:17
2135787,2000522,300,2014-09-10 14:27:17
2135788,2000523,10,2014-09-10 14:27:17
2135789,2000524,4,2014-09-10 14:27:17
2135790,2000525,4,2014-09-10 14:27:17
2135791,2000527,15,2014-09-10 14:27:17
2135792,2000528,15,2014-09-10 14:27:17
2135793,2000529,15,2014-09-10 14:27:17
2135794,2000530,15,2014-09-10 14:27:17
2135795,2000531,15,2014-09-10 14:27:17
2135796,2000532,15,2014-09-10 14:27:17
2135797,2000533,15,2014-09-10 14:27:17
2135798,2000534,15,2014-09-10 14:27:17
2135799,2000535,15,2014-09-10 14:27:17
2135800,2000537,15,2014-09-10 14:27:17
2135801,2000539,15,2014-09-10 14:27:17
2135802,2000541,15,2014-09-10 14:27:17
2135803,2000542,15,2014-09-10 14:27:17
2135804,2000543,15,2014-09-10 14:27:17
2135805,2000544,15,2014-09-10 14:27:17
2135806,2000545,15,2014-09-10 14:27:17
2135807,2000546,15,2014-09-10 14:27:17
2135808,2000547,15,2014-09-10 14:27:17
2135809,2000548,15,2014-09-10 14:27:17
2135810,2000553,15,2014-09-10 14:27:17
2135811,2000554,15,2014-09-10 14:27:17
2135812,2000555,15,2014-09-10 14:27:17
2135813,2000556,9,2014-09-10 14:27:17
2135814,2000557,15,2014-09-10 14:27:17
2135815,2000558,15,2014-09-10 14:27:17
2135816,2000559,15,2014-09-10 14:27:17
2135817,2000561,15,2014-09-10 14:27:17
2135818,2000562,15,2014-09-10 14:27:17
2135819,2000563,15,2014-09-10 14:27:17
2135820,2000564,15,2014-09-10 14:27:17
2135821,2000567,15,2014-09-10 14:27:17
2135822,2000568,22,2014-09-10 14:27:17
2135823,2000569,8,2014-09-10 14:27:17
2135824,2000569,9,2014-09-10 14:27:17
2135825,2000571,51,2014-09-10 14:27:17
2135826,2000572,324,2014-09-10 14:27:17
2135827,2000573,324,2014-09-10 14:27:17
2135829,2000575,324,2014-09-10 14:27:17
2135830,2000576,324,2014-09-10 14:27:17
2135831,2000577,18,2014-09-10 14:27:17
2135832,2000578,10,2014-09-10 14:27:17
2135833,2000579,4,2014-09-10 14:27:17
2135835,2000580,4,2014-09-10 14:27:17
2135836,2000580,220,2014-09-10 14:27:17
2135838,2000582,4,2014-09-10 14:27:17
2135839,2000582,447,2014-09-10 14:27:17
2135840,2000583,28,2014-09-10 14:27:17
2135841,2000584,14,2014-09-10 14:27:17
2135843,2000586,9,2014-09-10 14:27:17
2135844,2000587,15,2014-09-10 14:27:17
2135846,2000589,4,2014-09-10 14:27:17
2135847,2000590,13,2014-09-10 14:27:17
2135848,2000592,486,2014-09-10 14:27:17
2135849,2000593,19,2014-09-10 14:27:17
2135850,2000594,486,2014-09-10 14:27:17
2135851,2000595,6,2014-09-10 14:27:17
2135852,2000596,13,2014-09-10 14:27:17
2135853,2000597,13,2014-09-10 14:27:17
2135854,2000598,15,2014-09-10 14:27:17
2135855,2000599,300,2014-09-10 14:27:17
2135856,2000601,4,2014-09-10 14:27:17
2135857,2000602,19,2014-09-10 14:27:17
2135858,2000603,6,2014-09-10 14:27:17
2135860,2000605,14,2014-09-10 14:27:17
2135861,2000606,14,2014-09-10 14:27:17
2135862,2000607,14,2014-09-10 14:27:17
2135863,2000610,426,2014-09-10 14:27:17
2135864,2000611,4,2014-09-10 14:27:17
2135866,2000614,4,2014-09-10 14:27:17
2135867,2000615,4,2014-09-10 14:27:17
2135868,2000616,4,2014-09-10 14:27:17
2135869,2000617,426,2014-09-10 14:27:17
2135870,2000626,51,2014-09-10 14:27:17
2135871,2000627,15,2014-09-10 14:27:17
2135872,2000628,324,2014-09-10 14:27:17
2135873,2000630,13,2014-09-10 14:27:17
2135874,2000631,10,2014-09-10 14:27:17
2135875,2000632,28,2014-09-10 14:27:17
2135876,2000633,7,2014-09-10 14:27:17
2135877,2000634,19,2014-09-10 14:27:17
2135878,2000635,9,2014-09-10 14:27:17
2135879,2000636,9,2014-09-10 14:27:17
2135880,2000637,6,2014-09-10 14:27:17
2135881,2000637,19,2014-09-10 14:27:17
2135882,2000637,14,2014-09-10 14:27:17
2135883,2000638,13,2014-09-10 14:27:17
2135884,2000639,13,2014-09-10 14:27:17
2135885,2000640,9,2014-09-10 14:27:17
2135886,2000641,13,2014-09-10 14:27:17
2135887,2000642,10,2014-09-10 14:27:17
2135888,2000643,4,2014-09-10 14:27:17
2135889,2000644,467,2014-09-10 14:27:17
2135890,2000645,467,2014-09-10 14:27:17
2135891,2000646,9,2014-09-10 14:27:17
2135892,2000647,15,2014-09-10 14:27:17
2135894,2000650,13,2014-09-10 14:27:17
2135895,2000651,19,2014-09-10 14:27:17
2135896,2000652,4,2014-09-10 14:27:17
2135897,2000653,13,2014-09-10 14:27:17
2135898,2000654,13,2014-09-10 14:27:17
2135899,2000655,13,2014-09-10 14:27:17
2135901,2000657,13,2014-09-10 14:27:17
2135904,2000659,13,2014-09-10 14:27:17
2135905,2000660,13,2014-09-10 14:27:17
2135906,2000662,13,2014-09-10 14:27:17
2135907,2000663,9,2014-09-10 14:27:17
2135908,2000664,9,2014-09-10 14:27:17
2135909,2000665,9,2014-09-10 14:27:17
2135910,2000666,426,2014-09-10 14:27:17
2135911,2000667,8,2014-09-10 14:27:17
2135912,2000669,8,2014-09-10 14:27:17
2135913,2000670,487,2014-09-10 14:27:17
2135914,2000671,13,2014-09-10 14:27:17
2135915,2000673,13,2014-09-10 14:27:17
2135916,2000675,51,2014-09-10 14:27:17
2135917,2000676,324,2014-09-10 14:27:17
2135918,2000679,9,2014-09-10 14:27:17
2135919,2000680,6,2014-09-10 14:27:17
2135920,2000681,486,2014-09-10 14:27:17
2135921,2000682,28,2014-09-10 14:27:17
2135922,2000683,9,2014-09-10 14:27:17
2135923,2000685,28,2014-09-10 14:27:17
2135924,2000686,13,2014-09-10 14:27:17
2135926,2000688,4,2014-09-10 14:27:17
2135927,2000689,486,2014-09-10 14:27:17
2135928,2000690,4,2014-09-10 14:27:17
2135929,2000690,10,2014-09-10 14:27:17
2135930,2000690,51,2014-09-10 14:27:17
2135931,2000691,13,2014-09-10 14:27:17
2135932,2000692,13,2014-09-10 14:27:17
2135933,2000693,28,2014-09-10 14:27:17
2135935,2000696,13,2014-09-10 14:27:17
2135936,2000697,4,2014-09-10 14:27:17
2135937,2000700,426,2014-09-10 14:27:17
2135938,2000701,426,2014-09-10 14:27:17
2135939,2000702,426,2014-09-10 14:27:17
2135940,2000706,22,2014-09-10 14:27:17
2135941,2000707,6,2014-09-10 14:27:17
2135942,2000708,13,2014-09-10 14:27:17
2135943,2000709,13,2014-09-10 14:27:17
2135944,2000711,13,2014-09-10 14:27:17
2135946,2000714,13,2014-09-10 14:27:17
2135947,2000721,19,2014-09-10 14:27:17
2135949,2000723,4,2014-09-10 14:27:17
2135950,2000724,4,2014-09-10 14:27:17
2135951,2000725,4,2014-09-10 14:27:17
2135952,2000726,4,2014-09-10 14:27:17
2135953,2000727,22,2014-09-10 14:27:17
2135954,2000728,10,2014-09-10 14:27:17
2135955,2000729,21,2014-09-10 14:27:17
2135956,2000730,13,2014-09-10 14:27:17
2135957,2000731,13,2014-09-10 14:27:17
2135959,2000734,4,2014-09-10 14:27:17
2135960,2000735,28,2014-09-10 14:27:17
2135961,2000736,28,2014-09-10 14:27:17
2135962,2000737,324,2014-09-10 14:27:17
2135963,2000738,13,2014-09-10 14:27:17
2135964,2000739,28,2014-09-10 14:27:17
2135965,2000740,22,2014-09-10 14:27:17
2135966,2000741,21,2014-09-10 14:27:17
2135967,2000742,10,2014-09-10 14:27:17
2135968,2000743,10,2014-09-10 14:27:17
2135969,2000744,10,2014-09-10 14:27:17
2135970,2000747,19,2014-09-10 14:27:17
2135971,2000748,21,2014-09-10 14:27:17
2135972,2000749,22,2014-09-10 14:27:17
2135973,2000750,4,2014-09-10 14:27:17
2135974,2000751,8,2014-09-10 14:27:17
2135975,2000752,9,2014-09-10 14:27:17
2135976,2000753,9,2014-09-10 14:27:17
2135977,2000755,19,2014-09-10 14:27:17
2135979,2000756,13,2014-09-10 14:27:17
2135980,2000757,300,2014-09-10 14:27:17
2135981,2000758,13,2014-09-10 14:27:17
2135982,2000760,6,2014-09-10 14:27:17
2135983,2000761,22,2014-09-10 14:27:17
2135984,2000763,21,2014-09-10 14:27:17
2135985,2000764,51,2014-09-10 14:27:17
2135986,2000765,21,2014-09-10 14:27:17
2135987,2000766,21,2014-09-10 14:27:17
2135988,2000767,13,2014-09-10 14:27:17
2135990,2000769,13,2014-09-10 14:27:17
2135991,2000770,14,2014-09-10 14:27:17
2135992,2000771,21,2014-09-10 14:27:17
2135993,2000772,7,2014-09-10 14:27:17
2135994,2000773,4,2014-09-10 14:27:17
2135995,2000778,4,2014-09-10 14:27:17
2135996,2000779,4,2014-09-10 14:27:17
2135997,2000780,4,2014-09-10 14:27:17
2135998,2000781,4,2014-09-10 14:27:17
2135999,2000782,13,2014-09-10 14:27:17
2136000,2000783,4,2014-09-10 14:27:17
2136001,2000783,51,2014-09-10 14:27:17
2136002,2000784,15,2014-09-10 14:27:17
2136004,2000786,13,2014-09-10 14:27:17
2136005,2000787,6,2014-09-10 14:27:17
2136007,2000789,19,2014-09-10 14:27:17
2136008,2000790,10,2014-09-10 14:27:17
2136009,2000791,10,2014-09-10 14:27:17
2136010,2000792,10,2014-09-10 14:27:17
2136011,2000793,13,2014-09-10 14:27:17
2136012,2000796,28,2014-09-10 14:27:17
2136013,2000797,4,2014-09-10 14:27:17
2136014,2000798,13,2014-09-10 14:27:17
2136015,2000799,28,2014-09-10 14:27:17
2136016,2000800,13,2014-09-10 14:27:17
2136017,2000801,13,2014-09-10 14:27:17
2136018,2000819,13,2014-09-10 14:27:17
2136019,2000820,13,2014-09-10 14:27:17
2136020,2000821,4,2014-09-10 14:27:17
2136021,2000822,15,2014-09-10 14:27:17
2136022,2000823,15,2014-09-10 14:27:17
2136023,2000824,4,2014-09-10 14:27:17
2136024,2000827,4,2014-09-10 14:27:17
2136025,2000828,13,2014-09-10 14:27:17
2136026,2000829,13,2014-09-10 14:27:17
2136027,2000830,13,2014-09-10 14:27:17
2136028,2000832,486,2014-09-10 14:27:17
2136029,2000833,13,2014-09-10 14:27:17
2136030,2000835,4,2014-09-10 14:27:17
2136031,2000837,19,2014-09-10 14:27:17
2136032,2000839,19,2014-09-10 14:27:17
2136033,2000845,22,2014-09-10 14:27:17
2136034,2000846,51,2014-09-10 14:27:17
2136035,2000848,13,2014-09-10 14:27:17
2136037,2000851,4,2014-09-10 14:27:17
2136038,2000854,10,2014-09-10 14:27:17
2136039,2000855,426,2014-09-10 14:27:17
2136040,2000860,426,2014-09-10 14:27:17
2136041,2000862,13,2014-09-10 14:27:17
2136042,2000865,4,2014-09-10 14:27:17
2136043,2000867,18,2014-09-10 14:27:17
2136044,2000868,51,2014-09-10 14:27:17
2136046,2000870,10,2014-09-10 14:27:17
2136047,2000872,10,2014-09-10 14:27:17
2136048,2000873,14,2014-09-10 14:27:17
2136050,2000878,15,2014-09-10 14:27:17
2136051,2000880,19,2014-09-10 14:27:17
2136052,2000883,4,2014-09-10 14:27:17
2136053,2000884,467,2014-09-10 14:27:17
2136054,2000885,4,2014-09-10 14:27:17
2136055,2000886,4,2014-09-10 14:27:17
2136056,2000889,22,2014-09-10 14:27:17
2136057,2000894,13,2014-09-10 14:27:17
2136058,2000896,426,2014-09-10 14:27:17
2136059,2000897,13,2014-09-10 14:27:17
2136060,2000899,28,2014-09-10 14:27:17
2136061,2000901,19,2014-09-10 14:27:17
2136062,2000907,15,2014-09-10 14:27:17
2136063,2000908,15,2014-09-10 14:27:17
2136064,2000911,13,2014-09-10 14:27:17
2136065,2000912,13,2014-09-10 14:27:17
2136066,2000916,13,2014-09-10 14:27:17
2136068,2000920,13,2014-09-10 14:27:17
2136069,2000921,10,2014-09-10 14:27:17
2136070,2000922,19,2014-09-10 14:27:17
2136071,2000924,19,2014-09-10 14:27:17
2136072,2000925,15,2014-09-10 14:27:17
2136073,2000929,13,2014-09-10 14:27:17
2136074,2000931,13,2014-09-10 14:27:17
2136075,2000933,426,2014-09-10 14:27:17
2136076,2000938,10,2014-09-10 14:27:17
2136077,2000940,4,2014-09-10 14:27:17
2136078,2000940,51,2014-09-10 14:27:17
2136079,2000941,13,2014-09-10 14:27:17
2136080,2000942,4,2014-09-10 14:27:17
2136081,2000944,4,2014-09-10 14:27:17
2136082,2000948,4,2014-09-10 14:27:17
2136083,2000950,426,2014-09-10 14:27:17
2136084,2000952,22,2014-09-10 14:27:17
2136085,2000952,13,2014-09-10 14:27:17
2136086,2000953,13,2014-09-10 14:27:17
2136087,2000955,13,2014-09-10 14:27:17
2136088,2000956,13,2014-09-10 14:27:17
2136090,2000963,13,2014-09-10 14:27:17
2136091,2000966,19,2014-09-10 14:27:17
2136092,2000968,486,2014-09-10 14:27:17
2136093,2000972,4,2014-09-10 14:27:17
2136094,2000973,4,2014-09-10 14:27:17
2136095,2000974,13,2014-09-10 14:27:17
2136096,2000976,487,2014-09-10 14:27:17
2136097,2000977,13,2014-09-10 14:27:17
2136098,2000978,300,2014-09-10 14:27:17
2136099,2000979,19,2014-09-10 14:27:17
2136100,2000980,467,2014-09-10 14:27:17
2136101,2000981,19,2014-09-10 14:27:17
2136102,2000982,487,2014-09-10 14:27:17
2136103,2000983,9,2014-09-10 14:27:17
2136104,2000984,10,2014-09-10 14:27:17
2136105,2000985,10,2014-09-10 14:27:17
2136106,2000990,22,2014-09-10 14:27:17
2136107,2000990,13,2014-09-10 14:27:17
2136108,2000991,4,2014-09-10 14:27:17
2136109,2000993,19,2014-09-10 14:27:17
2136110,2001002,4,2014-09-10 14:27:17
2136111,2001029,4,2014-09-10 14:27:17
2136112,2001032,6,2014-09-10 14:27:17
2136113,2001033,487,2014-09-10 14:27:17
2136114,2001035,4,2014-09-10 14:27:17
2136115,2001035,7,2014-09-10 14:27:17
2136116,2001036,487,2014-09-10 14:27:17
2136117,2001037,4,2014-09-10 14:27:17
2136118,2001038,4,2014-09-10 14:27:17
2136119,2001039,9,2014-09-10 14:27:17
2136120,2001040,324,2014-09-10 14:27:17
2136121,2001041,426,2014-09-10 14:27:17
2136122,2001042,4,2014-09-10 14:27:17
2136123,2001043,13,2014-09-10 14:27:17
2136124,2001044,21,2014-09-10 14:27:17
2136125,2001045,21,2014-09-10 14:27:17
2136126,2001046,4,2014-09-10 14:27:17
2136127,2001048,4,2014-09-10 14:27:17
2136128,2001049,4,2014-09-10 14:27:17
2136129,2001050,4,2014-09-10 14:27:17
2136130,2001051,4,2014-09-10 14:27:17
2136131,2001052,4,2014-09-10 14:27:17
2136132,2001053,4,2014-09-10 14:27:17
2136133,2001054,4,2014-09-10 14:27:17
2136134,2001057,4,2014-09-10 14:27:17
2136135,2001058,4,2014-09-10 14:27:17
2136136,2001059,4,2014-09-10 14:27:17
2136137,2001060,4,2014-09-10 14:27:17
2136138,2001063,4,2014-09-10 14:27:17
2136139,2001068,4,2014-09-10 14:27:17
2136140,2001070,4,2014-09-10 14:27:17
2136141,2001072,4,2014-09-10 14:27:17
2136142,2001073,4,2014-09-10 14:27:17
2136143,2001075,4,2014-09-10 14:27:17
2136144,2001077,4,2014-09-10 14:27:17
2136145,2001078,4,2014-09-10 14:27:17
2136146,2001079,19,2014-09-10 14:27:17
2136148,2001081,486,2014-09-10 14:27:17
2136149,2001082,6,2014-09-10 14:27:17
2136150,2001083,4,2014-09-10 14:27:17
2136151,2001084,4,2014-09-10 14:27:17
2136152,2001090,467,2014-09-10 14:27:17
2136153,2001091,4,2014-09-10 14:27:17
2136154,2001091,7,2014-09-10 14:27:17
2136155,2001092,13,2014-09-10 14:27:17
2136156,2001093,324,2014-09-10 14:27:17
2136157,2001094,15,2014-09-10 14:27:17
2136158,2001095,19,2014-09-10 14:27:17
2136159,2001096,487,2014-09-10 14:27:17
2136160,2001097,14,2014-09-10 14:27:17
2136161,2001098,6,2014-09-10 14:27:17
2136162,2001099,467,2014-09-10 14:27:17
2136163,2001100,467,2014-09-10 14:27:17
2136164,2001101,467,2014-09-10 14:27:17
2136165,2001102,467,2014-09-10 14:27:17
2136166,2001104,4,2014-09-10 14:27:17
2136167,2001105,4,2014-09-10 14:27:17
2136168,2001106,4,2014-09-10 14:27:17
2136169,2001107,4,2014-09-10 14:27:17
2136170,2001108,4,2014-09-10 14:27:17
2136171,2001109,4,2014-09-10 14:27:17
2136172,2001110,4,2014-09-10 14:27:17
2136173,2001110,13,2014-09-10 14:27:17
2136174,2001111,4,2014-09-10 14:27:17
2136175,2001112,13,2014-09-10 14:27:17
2136176,2001113,14,2014-09-10 14:27:17
2136177,2001114,13,2014-09-10 14:27:17
2136178,2001115,426,2014-09-10 14:27:17
2136179,2001116,22,2014-09-10 14:27:17
2136180,2001117,22,2014-09-10 14:27:17
2136181,2001118,22,2014-09-10 14:27:17
2136183,2001120,13,2014-09-10 14:27:17
2136184,2001122,13,2014-09-10 14:27:17
2136185,2001123,486,2014-09-10 14:27:17
2136186,2001124,4,2014-09-10 14:27:17
2136187,2001125,18,2014-09-10 14:27:17
2136189,2001127,4,2014-09-10 14:27:17
2136190,2001128,426,2014-09-10 14:27:17
2136191,2001129,466,2014-09-10 14:27:17
2136192,2001131,22,2014-09-10 14:27:17
2136193,2001132,13,2014-09-10 14:27:17
2136194,2001133,426,2014-09-10 14:27:17
2136197,2001136,15,2014-09-10 14:27:17
2136198,2001137,13,2014-09-10 14:27:17
2136200,2001139,13,2014-09-10 14:27:17
2136201,2001140,13,2014-09-10 14:27:17
2136202,2001142,13,2014-09-10 14:27:17
2136203,2001144,4,2014-09-10 14:27:17
2136204,2001146,4,2014-09-10 14:27:17
2136205,2001147,9,2014-09-10 14:27:17
2136206,2001148,13,2014-09-10 14:27:17
2136207,2001148,300,2014-09-10 14:27:17
2136208,2001149,4,2014-09-10 14:27:17
2136209,2001152,4,2014-09-10 14:27:17
2136210,2001153,4,2014-09-10 14:27:17
2136211,2001155,13,2014-09-10 14:27:17
2136212,2001158,13,2014-09-10 14:27:17
2136214,2001161,4,2014-09-10 14:27:17
2136216,2001163,4,2014-09-10 14:27:17
2136217,2001164,22,2014-09-10 14:27:17
2136218,2001165,9,2014-09-10 14:27:17
2136219,2001166,51,2014-09-10 14:27:17
2136220,2001168,4,2014-09-10 14:27:17
2136221,2001169,14,2014-09-10 14:27:17
2136222,2001170,19,2014-09-10 14:27:17
2136223,2001171,10,2014-09-10 14:27:17
2136224,2001172,19,2014-09-10 14:27:17
2136225,2001173,13,2014-09-10 14:27:17
2136226,2001174,15,2014-09-10 14:27:17
2136227,2001175,19,2014-09-10 14:27:17
2136228,2001176,4,2014-09-10 14:27:17
2136229,2001177,6,2014-09-10 14:27:17
2136230,2001178,323,2014-09-10 14:27:17
2136231,2001179,13,2014-09-10 14:27:17
2136232,2001180,4,2014-09-10 14:27:17
2136233,2001181,9,2014-09-10 14:27:17
2136234,2001183,13,2014-09-10 14:27:17
2136235,2001185,15,2014-09-10 14:27:17
2136236,2001186,13,2014-09-10 14:27:17
2136237,2001188,51,2014-09-10 14:27:17
2136238,2001189,15,2014-09-10 14:27:17
2136239,2001190,426,2014-09-10 14:27:17
2136240,2001191,6,2014-09-10 14:27:17
2136242,2001193,6,2014-09-10 14:27:17
2136243,2001194,7,2014-09-10 14:27:17
2136244,2001195,7,2014-09-10 14:27:17
2136246,2001197,4,2014-09-10 14:27:17
2136247,2001198,4,2014-09-10 14:27:17
2136248,2001198,6,2014-09-10 14:27:17
2136249,2001199,15,2014-09-10 14:27:17
2136250,2001201,487,2014-09-10 14:27:17
2136251,2001202,21,2014-09-10 14:27:17
2136252,2001203,18,2014-09-10 14:27:17
2136253,2001204,426,2014-09-10 14:27:17
2136254,2001205,426,2014-09-10 14:27:17
2136255,2001206,324,2014-09-10 14:27:17
2136256,2001207,18,2014-09-10 14:27:17
2136257,2001208,426,2014-09-10 14:27:17
2136258,2001211,19,2014-09-10 14:27:17
2136259,2001212,426,2014-09-10 14:27:17
2136260,2001214,426,2014-09-10 14:27:17
2136261,2001215,15,2014-09-10 14:27:17
2136262,2001216,13,2014-09-10 14:27:17
2136264,2001218,13,2014-09-10 14:27:17
2136265,2001219,13,2014-09-10 14:27:17
2136266,2001224,4,2014-09-10 14:27:17
2136267,2001226,18,2014-09-10 14:27:17
2136268,2001228,487,2014-09-10 14:27:17
2136269,2001229,9,2014-09-10 14:27:17
2136270,2001230,13,2014-09-10 14:27:17
2136271,2001231,13,2014-09-10 14:27:17
2136273,2001234,13,2014-09-10 14:27:17
2136274,2001235,7,2014-09-10 14:27:17
2136275,2001236,19,2014-09-10 14:27:17
2136276,2001237,13,2014-09-10 14:27:17
2136277,2001243,4,2014-09-10 14:27:17
2136278,2001250,4,2014-09-10 14:27:17
2136279,2001253,13,2014-09-10 14:27:17
2136280,2001254,13,2014-09-10 14:27:17
2136281,2001259,9,2014-09-10 14:27:17
2136282,2001260,9,2014-09-10 14:27:17
2136283,2001262,19,2014-09-10 14:27:17
2136284,2001264,10,2014-09-10 14:27:17
2136285,2001266,15,2014-09-10 14:27:17
2136286,2001267,6,2014-09-10 14:27:17
2136287,2001269,13,2014-09-10 14:27:17
2136288,2001275,426,2014-09-10 14:27:17
2136290,2001277,51,2014-09-10 14:27:17
2136292,2001279,28,2014-09-10 14:27:17
2136294,2001309,324,2014-09-10 14:27:17
2136295,2001315,6,2014-09-10 14:27:17
2136296,2001315,300,2014-09-10 14:27:17
2136297,2001351,10,2014-09-10 14:27:17
2136298,2001352,10,2014-09-10 14:27:17
2136299,2001353,4,2014-09-10 14:27:17
2136300,2001353,7,2014-09-10 14:27:17
2136301,2001371,4,2014-09-10 14:27:17
2136302,2001372,4,2014-09-10 14:27:17
2136304,2001374,51,2014-09-10 14:27:17
2136305,2001374,324,2014-09-10 14:27:17
2136306,2001375,22,2014-09-10 14:27:17
2136307,2001375,19,2014-09-10 14:27:17
2136308,2001376,8,2014-09-10 14:27:17
2136309,2001377,4,2014-09-10 14:27:17
2136310,2001377,13,2014-09-10 14:27:17
2136311,2001378,10,2014-09-10 14:27:17
2136312,2001379,446,2014-09-10 14:27:17
2136313,2001380,4,2014-09-10 14:27:17
2136314,2001381,51,2014-09-10 14:27:17
2136315,2001386,6,2014-09-10 14:27:17
2136317,2001389,28,2014-09-10 14:27:17
2136318,2001392,4,2014-09-10 14:27:17
2136319,2001393,28,2014-09-10 14:27:17
2136320,2001394,28,2014-09-10 14:27:17
2136321,2001395,28,2014-09-10 14:27:17
2136322,2001396,6,2014-09-10 14:27:17
2136323,2001397,13,2014-09-10 14:27:17
2136324,2001398,13,2014-09-10 14:27:17
2136325,2001400,6,2014-09-10 14:27:17
2136326,2001401,6,2014-09-10 14:27:17
2136327,2001402,6,2014-09-10 14:27:17
2136329,2001404,446,2014-09-10 14:27:17
2136331,2001409,13,2014-09-10 14:27:17
2136333,2001411,300,2014-09-10 14:27:17
2136334,2001412,426,2014-09-10 14:27:17
2136335,2001414,14,2014-09-10 14:27:17
2136336,2001415,14,2014-09-10 14:27:17
2136337,2001416,17,2014-09-10 14:27:17
2136338,2001417,426,2014-09-10 14:27:17
2136340,2001420,4,2014-09-10 14:27:17
2136343,2002316,446,2014-09-15 12:58:43
2136344,2002317,4,2014-09-17 17:02:57
2136345,2002319,4,2014-09-23 09:33:27
2136346,2002320,15,2014-09-23 10:17:27
2136347,2002321,9,2014-09-23 10:26:56
2136348,2002322,18,2014-09-23 10:31:59
2136349,2000874,7,2014-12-02 15:03:02
2136350,2000230,7,2014-12-02 15:06:20
2136351,2000695,7,2014-12-02 15:09:17
2136352,2000570,426,2014-12-02 15:19:02
2136353,2001192,426,2014-12-02 15:36:12
2136354,2000639,22,2014-12-03 11:34:37
2136359,2002335,13,2015-01-29 13:34:17
2136360,2002336,51,2015-01-29 13:38:36
2136361,2001276,15,2015-02-12 13:27:47
2136363,2000450,13,2015-02-12 14:15:51
2136364,2000128,486,2015-02-12 14:16:30
2136365,2000732,13,2015-02-12 14:17:49
2136366,2000399,13,2015-02-12 14:33:38
2136367,2002337,6,2015-02-16 13:01:57
2136368,2000228,300,2015-03-03 10:32:56
2136369,2000837,21,2015-05-12 15:10:04
2136370,2000884,21,2015-05-12 15:10:39
2136371,2000381,21,2015-05-12 15:11:02
2136372,2000449,15,2015-05-12 15:12:55
2136373,2000793,487,2015-05-12 15:13:15
2136374,2000209,51,2015-05-12 15:13:58
2136375,2000637,51,2015-05-12 15:14:23
2136377,2000780,51,2015-05-12 15:15:59
2136379,2001218,15,2016-08-07 14:37:00
2136380,2001218,6,2016-08-07 14:37:00
2136381,2001218,9,2016-08-07 14:37:00
2136382,2001218,19,2016-08-07 14:37:00
2136383,2001218,426,2016-08-07 14:37:00
2136384,2001218,18,2016-08-07 14:37:00
2136385,2000324,13,2015-05-12 15:17:28
2136386,2000604,13,2015-05-12 15:18:17
2136387,2001126,14,2015-05-12 15:19:17
2136388,2000953,486,2015-05-12 15:19:44
2136389,2000919,4,2015-05-12 15:20:25
2136390,2000713,4,2015-05-12 15:20:44
2136391,2000588,22,2015-05-12 15:21:14
2136392,2000585,13,2015-05-12 15:21:52
2136393,2000477,486,2015-05-12 15:23:13
2136394,2001119,13,2015-05-12 15:23:51
2136395,2001117,13,2015-05-12 15:26:51
2136396,2000897,426,2015-05-12 15:27:16
2136397,2000662,4,2015-05-12 15:27:33
2136398,2000084,4,2015-05-12 15:28:25
2136399,2000084,51,2015-05-12 15:28:25
2136400,2000157,28,2015-05-12 15:49:37
2136401,2000279,28,2015-05-12 15:52:44
2136402,2000331,28,2015-05-12 15:53:03
2136403,2000579,28,2015-05-12 15:54:46
2136404,2000581,28,2015-05-12 16:19:50
2136405,2000960,28,2015-05-12 16:20:30
2136406,2000345,300,2015-05-12 16:20:51
2136407,2001406,51,2015-05-12 16:21:35
2136409,2000648,9,2020-11-08 10:05:19
2136410,2000648,324,2020-11-08 10:05:19
2136411,2000689,22,2015-05-12 16:44:06
2136412,2001123,15,2015-05-12 16:44:58
2136413,2000919,426,2015-05-12 16:46:33
2136414,2000211,13,2015-05-12 16:48:06
2136415,2000426,22,2015-05-12 16:56:35
2136416,2000426,6,2015-05-12 16:56:35
2136417,2001388,22,2015-05-12 16:57:08
2136418,2001388,6,2015-05-12 16:57:08
2136419,2000768,10,2015-05-12 16:57:43
2136420,2000195,22,2015-05-12 17:18:52
2136421,2001128,22,2015-05-12 17:21:37
2136422,2000458,14,2015-05-18 15:40:24
2136423,2000788,14,2015-05-18 15:42:43
2136424,2000788,19,2015-05-18 15:42:43
2136425,2001159,14,2015-05-18 15:48:08
2136426,2001079,14,2015-05-18 15:55:54
2136427,2000496,14,2015-05-18 15:57:59
2136428,2000574,28,2015-05-18 16:01:52
2136429,2001211,17,2015-05-18 16:18:50
2136430,2001138,15,2016-08-07 14:29:38
2136431,2002348,4,2015-11-26 11:50:37
2136432,2002348,19,2015-11-26 11:50:37
2136433,2002349,4,2015-11-26 15:27:31
2136434,2000243,300,2016-01-10 11:11:28
2136435,2000135,300,2016-01-10 11:12:09
2136436,2001233,300,2016-01-10 11:12:31
2136437,2002350,4,2016-01-20 16:13:07
2136438,2002351,4,2016-01-20 16:46:04
2136439,2002351,426,2016-01-20 16:46:04
2136440,2002353,13,2016-02-14 16:27:17
2136441,2000086,15,2016-02-18 13:58:03
2136442,2002354,21,2016-02-18 16:40:56
2136443,2002355,14,2016-03-10 15:04:47
2136444,2002356,6,2016-03-15 15:14:28
2136445,2002362,21,2016-04-11 13:30:17
2136446,2002363,13,2016-04-19 11:56:16
2136447,2002364,4,2016-04-19 12:04:50
2136448,2002365,22,2016-04-19 12:08:27
2136449,2002391,4,2016-05-10 12:15:40
2136450,2004048,4,2016-06-14 15:56:23
2136451,2004623,22,2016-06-26 13:45:05
2136452,2004623,6,2016-06-26 13:45:05
2136453,2004623,13,2016-06-26 13:45:05
2136454,2004632,466,2016-06-26 16:33:50
2136455,2006522,426,2016-07-25 12:45:59
2136456,2007081,4,2016-08-07 13:02:06
2136457,2000104,14,2016-08-07 14:09:14
2136458,2000850,14,2016-08-07 14:11:49
2136459,2000117,14,2016-08-07 14:12:35
2136460,2000164,14,2016-08-07 14:13:13
2136461,2000162,14,2016-08-07 14:13:37
2136462,2000161,14,2016-08-07 14:13:57
2136463,2000160,14,2016-08-07 14:14:17
2136464,2000163,14,2016-08-07 14:14:41
2136465,2000219,14,2016-08-07 14:15:18
2136466,2000238,14,2016-08-07 14:15:45
2136467,2000282,14,2016-08-07 14:16:26
2136468,2000283,14,2016-08-07 14:16:51
2136469,2000459,14,2016-08-07 14:18:10
2136470,2000487,14,2016-08-07 14:20:17
2136471,2000658,14,2016-08-07 14:22:13
2136472,2000656,14,2016-08-07 14:23:17
2136473,2000305,14,2016-08-07 14:24:05
2136474,2000687,14,2016-08-07 14:24:57
2136475,2000338,14,2016-08-07 14:25:29
2136476,2001278,14,2016-08-07 14:27:54
2136477,2001134,14,2016-08-07 14:28:51
2136478,2001135,14,2016-08-07 14:29:07
2136479,2001138,14,2016-08-07 14:29:38
2136480,2001162,14,2016-08-07 14:30:09
2136481,2001196,14,2016-08-07 14:32:01
2136482,2001217,14,2016-08-07 14:36:24
2136483,2001218,14,2016-08-07 14:37:00
2136484,2001403,14,2016-08-07 14:37:21
2136485,2001410,14,2016-08-07 14:38:07
2136486,2001419,14,2016-08-07 14:38:35
2136487,2000013,14,2016-08-07 14:39:04
2136488,2000019,14,2016-08-07 14:39:32
2136489,2001383,14,2016-08-07 14:40:08
2136490,2000307,14,2016-08-07 14:40:38
2136491,2000498,14,2016-08-07 14:41:03
2136492,2000252,14,2016-08-07 14:50:19
2136493,2000511,14,2016-08-07 14:50:53
2136494,2000722,14,2016-08-07 14:51:34
2136495,2000785,14,2016-08-07 14:52:06
2136496,2000221,14,2016-08-07 14:52:50
2136497,2000285,14,2016-08-07 14:53:15
2136498,2000094,14,2016-08-07 14:53:42
2136500,2001373,14,2016-08-07 14:54:56
2136501,2007161,13,2016-08-14 14:04:28
2136502,2007219,22,2016-08-18 18:49:15
2136503,2007227,7,2016-08-21 21:35:47
2136505,2009636,13,2016-11-23 15:49:44
2136506,2009637,13,2016-11-23 16:08:33
2136507,2010821,19,2016-12-13 15:57:40
2136508,2011987,4,2017-01-04 18:22:06
2136509,2012791,9,2017-01-18 18:49:03
2136510,2012974,4,2017-01-23 11:36:11
2136511,2013241,4,2017-01-29 14:39:32
2136512,2013655,4,2017-02-02 09:56:09
2136513,2015037,4,2017-02-28 13:58:49
2136514,2015037,13,2017-02-28 13:58:49
2136515,2016069,4,2017-03-22 15:32:50
2136516,2016291,426,2017-04-06 09:25:35
2136517,2016291,4,2017-04-06 09:25:35
2136518,2016292,6,2017-04-06 09:43:43
2136519,2016295,324,2017-04-06 11:01:38
2136520,2016312,13,2017-04-09 16:35:00
2136521,2016313,28,2017-04-09 16:58:41
2136522,2016309,51,2017-04-19 16:19:30
2136523,2016309,4,2017-04-19 16:19:42
2136524,2017881,53,2017-06-05 10:48:12
2136525,2019218,15,2017-06-28 16:29:20
2136526,2019222,13,2017-06-28 18:19:05
2136527,2020845,13,2017-08-03 12:38:22
2136528,2020878,13,2017-08-07 16:14:47
2136529,2020889,8,2017-08-08 14:15:18
2136530,2020892,51,2017-08-08 14:41:50
2136531,2020917,9,2017-08-09 15:13:48
2136532,2020918,9,2017-08-09 15:20:14
2136533,2020919,22,2017-08-09 15:29:35
2136534,2020920,466,2017-08-09 15:45:33
2136535,2020940,13,2017-08-13 16:39:43
2136536,2023224,21,2017-11-14 15:52:19
2136537,2024869,6,2017-12-12 16:29:11
2136538,2024870,6,2017-12-12 16:34:07
2136539,2025411,446,2017-12-24 11:51:40
2136540,2000737,4,2017-12-27 15:31:47
2136541,2000613,4,2018-03-07 10:19:01
2136542,2066789,19,2018-03-11 20:19:35
2136543,2068024,4,2018-03-22 16:32:38
2136544,2068044,4,2018-03-26 17:56:03
2136545,2068051,4,2018-03-27 17:40:20
2136546,2068052,22,2018-03-27 17:50:59
2136547,2068070,4,2018-03-28 16:42:04
2136548,2068071,4,2018-03-28 16:44:18
2136549,2068072,13,2018-03-28 16:49:03
2136550,2068869,4,2018-05-02 11:15:53
2136551,2068871,4,2018-05-02 11:32:37
2136552,2068872,4,2018-05-02 11:35:26
2136553,2068874,4,2018-05-02 11:37:12
2136554,2068875,4,2018-05-02 11:44:24
2136555,2068876,4,2018-05-02 11:50:42
2136556,2068877,4,2018-05-02 11:52:22
2136557,2068879,4,2018-05-02 11:54:23
2136558,2068881,4,2018-05-02 12:07:19
2136559,2068884,4,2018-05-02 12:11:12
2136560,2068885,4,2018-05-02 12:12:39
2136561,2068887,4,2018-05-02 12:28:06
2136562,2068888,4,2018-05-02 12:32:55
2136563,2068892,4,2018-05-02 13:09:31
2136564,2068893,4,2018-05-02 13:13:47
2136565,2068894,4,2018-05-02 13:15:57
2136566,2068898,4,2018-05-02 13:26:24
2136567,2068899,4,2018-05-02 13:28:57
2136568,2068900,4,2018-05-02 13:30:20
2136569,2068901,4,2018-05-02 13:31:44
2136570,2068903,4,2018-05-02 13:43:58
2136571,2068906,4,2018-05-02 13:48:50
2136572,2068907,4,2018-05-02 13:49:59
2136573,2068908,4,2018-05-02 13:51:06
2136574,2068909,4,2018-05-02 13:52:35
2136575,2068910,4,2018-05-02 13:53:42
2136576,2068932,4,2018-05-02 14:59:19
2136577,2068933,4,2018-05-02 15:00:28
2136578,2068934,4,2018-05-02 15:01:36
2136579,2068935,4,2018-05-02 15:02:40
2136580,2068936,4,2018-05-02 15:03:51
2136581,2068937,4,2018-05-02 15:04:49
2136582,2068939,4,2018-05-02 15:06:38
2136583,2068940,4,2018-05-02 15:07:57
2136584,2068943,4,2018-05-02 15:12:05
2136585,2068944,4,2018-05-02 15:13:24
2136586,2068955,4,2018-05-02 15:23:54
2136587,2068957,4,2018-05-02 15:25:29
2136588,2068969,4,2018-05-02 16:37:07
2136589,2068970,4,2018-05-02 16:48:31
2136590,2068971,4,2018-05-02 16:50:20
2136591,2068972,4,2018-05-02 16:51:45
2136592,2068973,4,2018-05-02 16:54:11
2136593,2068975,4,2018-05-02 16:55:23
2136594,2068977,4,2018-05-02 16:59:58
2136595,2068978,4,2018-05-02 17:01:16
2136596,2068980,4,2018-05-02 17:12:26
2136597,2068981,4,2018-05-02 17:14:03
2136598,2068983,4,2018-05-02 17:15:22
2136599,2068984,4,2018-05-02 17:29:35
2136600,2069826,4,2018-05-09 12:26:31
2136601,2069829,4,2018-05-09 12:30:26
2136602,2069831,4,2018-05-09 12:34:03
2136603,2069834,4,2018-05-09 12:40:47
2136604,2069835,4,2018-05-09 12:42:08
2136605,2069842,4,2018-05-09 12:55:14
2136606,2069844,4,2018-05-09 12:56:58
2136607,2069875,4,2018-05-09 15:03:39
2136608,2000842,13,2018-05-16 09:04:47
2136610,2070372,4,2018-05-16 11:35:28
2136612,2070428,4,2018-05-16 15:30:27
2136613,2070435,4,2018-05-16 15:59:44
2136614,2070439,4,2018-05-16 16:29:36
2136615,2070440,4,2018-05-16 16:31:21
2136616,2070441,4,2018-05-16 16:33:03
2136617,2070766,4,2018-05-23 12:29:41
2136618,2070776,4,2018-05-23 13:04:43
2136619,2072501,300,2018-06-24 11:16:30
2136620,2072516,6,2018-06-24 14:05:30
2136621,2073356,6,2018-07-09 10:14:38
2136622,2073919,9,2018-07-23 09:42:56
2136623,2000457,13,2018-07-25 15:14:59
2136624,2000476,13,2018-07-25 15:20:21
2136625,2073979,19,2018-07-29 15:49:51
2136627,2074014,19,2018-08-01 10:07:05
2136628,2073988,486,2018-08-06 15:34:35
2136629,2075529,19,2018-11-01 10:03:08
2136630,2075532,14,2018-11-01 10:09:09
2136631,2078321,14,2019-01-06 11:26:55
2136632,2078352,13,2019-01-16 11:51:46
2136633,2078354,4,2019-01-16 14:54:13
2136634,2078360,22,2019-01-21 15:18:58
2136635,2078360,13,2019-01-21 15:18:58
2136636,2078364,13,2019-01-23 11:14:31
2136637,2078478,28,2019-02-17 15:11:43
2136638,2078491,4,2019-02-20 14:52:43
2136639,2078511,426,2019-03-03 15:59:59
2136640,2069958,300,2019-03-03 16:52:41
2136641,2069958,13,2019-03-03 16:52:41
2136642,2070163,6,2019-03-04 10:20:34
2136643,2000147,4,2019-03-06 11:37:21
2136644,2000216,10,2019-03-06 11:45:06
2136645,2000216,4,2019-03-06 11:45:06
2136646,2070039,10,2019-03-26 13:34:34
2136647,2070159,8,2019-04-01 13:27:14
2136648,2070158,51,2019-04-14 09:47:45
2136651,2000869,486,2019-06-30 13:29:30
2136652,2069976,10,2019-07-07 15:15:45
2136653,2000087,4,2019-09-10 14:50:05
2136654,2000220,14,2019-09-10 14:51:33
2136655,2000025,14,2019-09-11 08:55:28
2136656,2000158,6,2019-09-11 08:58:18
2136657,2000184,4,2019-09-11 08:59:13
2136660,2000395,4,2020-10-20 12:13:33
2136661,2000446,4,2019-09-11 09:01:30
2136662,2001238,6,2019-09-11 09:03:02
2136663,2001239,6,2019-09-11 09:04:19
2136664,2001405,14,2019-09-11 09:05:19
2136665,2000694,426,2019-09-11 09:08:35
2136666,2000203,4,2019-09-11 09:21:23
2136668,2001145,4,2019-09-11 09:22:42
2136669,2001184,4,2019-09-11 09:23:43
2136670,2000028,10,2019-09-11 09:27:45
2136671,2000144,13,2019-09-11 13:18:01
2136672,2000155,21,2019-09-11 13:18:57
2136674,2000183,15,2019-09-11 13:19:57
2136675,2000183,4,2019-09-11 13:19:57
2136676,2000155,15,2019-09-11 13:20:48
2136677,2000155,6,2019-09-11 13:20:48
2136678,2000214,4,2019-09-11 14:08:59
2136679,2000184,15,2019-09-11 15:34:49
2136680,2000327,7,2019-09-11 15:35:56
2136682,2000330,15,2019-09-11 15:37:03
2136683,2000518,18,2019-09-11 15:37:52
2136684,2000684,9,2019-09-11 15:42:13
2136685,2000774,4,2019-09-11 16:18:07
2136686,2001074,4,2019-09-11 16:18:57
2136687,2001187,15,2019-09-11 16:19:29
2136688,2000036,4,2019-09-11 16:20:01
2136689,2000054,4,2019-09-11 16:20:32
2136690,2000067,4,2019-09-11 16:21:20
2136691,2000146,14,2019-09-11 16:21:59
2136692,2000182,4,2019-09-11 16:22:44
2136693,2000314,4,2019-09-11 16:23:22
2136694,2000319,4,2019-09-11 16:24:07
2136695,2000320,4,2019-09-11 16:24:34
2136696,2000376,4,2019-09-11 16:25:16
2136697,2000431,51,2019-09-11 16:42:01
2136698,2000470,467,2019-09-11 17:26:43
2136699,2000500,51,2019-09-15 13:14:20
2136700,2000500,4,2019-09-15 13:14:20
2136701,2000552,15,2019-09-15 13:15:19
2136702,2000698,4,2019-09-15 13:16:26
2136703,2000699,51,2019-09-15 13:19:21
2136704,2000699,4,2019-09-15 13:19:21
2136705,2001154,51,2019-09-15 13:22:12
2136706,2001154,4,2019-09-15 13:22:12
2136707,2000066,4,2019-09-15 13:23:42
2136708,2000187,18,2019-09-15 13:24:48
2136709,2000315,4,2019-09-15 13:25:20
2136710,2000316,4,2019-09-15 13:25:48
2136711,2000317,4,2019-09-15 13:26:23
2136712,2000318,4,2019-09-15 13:26:43
2136713,2000551,15,2019-09-15 13:28:38
2136714,2000661,6,2019-09-15 13:29:33
2136715,2000754,4,2019-09-15 13:30:08
2136716,2000994,4,2019-09-15 13:30:37
2136717,2001047,4,2019-09-15 13:32:46
2136718,2001160,28,2019-09-15 13:34:12
2136719,2000284,14,2019-09-15 13:34:49
2136720,2000389,13,2019-09-15 13:36:04
2136721,2000447,4,2019-09-15 13:47:50
2136722,2000494,4,2019-09-15 13:48:47
2136723,2000549,15,2019-09-16 11:43:25
2136724,2000550,15,2019-09-16 11:44:20
2136725,2000992,4,2019-09-16 11:46:45
2136726,2001012,4,2019-09-16 11:47:09
2136727,2001013,4,2019-09-16 11:47:40
2136728,2001080,8,2019-09-16 11:48:57
2136729,2001143,4,2019-09-19 10:37:05
2136730,2001157,4,2019-09-19 10:37:34
2136731,2000065,4,2019-09-19 10:38:04
2136732,2000194,13,2019-09-19 10:38:35
2136733,2000351,10,2019-09-19 10:39:24
2136734,2000368,4,2019-09-19 10:39:54
2136736,2000412,4,2019-09-19 10:44:48
2136737,2000413,4,2019-09-19 10:45:22
2136738,2000566,15,2019-09-19 10:45:48
2136739,2000759,51,2019-09-19 10:46:33
2136740,2000759,4,2019-09-19 10:46:33
2136741,2000806,13,2019-09-19 10:47:41
2136742,2000853,18,2019-09-19 10:48:33
2136743,2001010,4,2019-09-19 11:38:48
2136744,2001011,4,2019-09-19 13:10:35
2136745,2001019,4,2019-09-19 13:17:24
2136746,2001030,4,2019-09-19 13:27:01
2136747,2001056,4,2019-09-19 13:28:01
2136748,2001061,4,2019-09-19 13:28:29
2136749,2001062,4,2019-09-19 13:28:53
2136750,2001064,4,2019-09-19 13:29:57
2136751,2001141,13,2019-09-19 13:30:39
2136752,2001210,51,2019-09-19 13:31:12
2136753,2001232,13,2019-09-19 13:34:13
2136754,2001242,15,2019-09-19 13:48:08
2136755,2001270,4,2019-09-19 13:48:41
2136756,2000063,4,2019-09-19 13:49:37
2136757,2000064,4,2019-09-19 13:50:01
2136758,2000070,4,2019-09-19 13:50:30
2136759,2000192,300,2019-09-19 13:51:39
2136760,2000299,18,2019-09-19 13:52:05
2136761,2000301,4,2019-09-19 13:52:31
2136762,2000388,13,2019-09-19 13:53:02
2136763,2000408,4,2019-09-19 13:59:34
2136764,2000409,4,2019-09-19 14:00:03
2136766,2000410,4,2019-09-19 14:02:05
2136767,2000411,4,2019-09-19 14:02:31
2136768,2000612,15,2019-09-19 14:03:04
2136769,2000612,7,2019-09-19 14:03:04
2136770,2000649,426,2019-09-19 14:04:26
2136771,2000777,4,2019-09-19 14:04:53
2136772,2000804,13,2019-09-19 14:05:33
2136773,2000825,13,2019-09-19 14:06:05
2136774,2000927,13,2019-09-19 14:06:37
2136775,2000999,4,2019-09-19 14:08:12
2136776,2001000,4,2019-09-19 14:08:32
2136777,2001001,4,2019-09-19 14:08:54
2136778,2001004,4,2019-09-19 14:09:19
2136779,2001005,4,2019-09-19 14:09:41
2136780,2001006,4,2019-09-19 14:10:16
2136781,2001007,4,2019-09-19 14:10:53
2136782,2001017,4,2019-09-19 14:11:18
2136783,2001055,4,2019-09-19 14:49:18
2136784,2001065,14,2019-09-19 14:50:28
2136785,2001076,4,2019-09-19 14:51:09
2136786,2001255,13,2019-09-19 14:51:46
2136787,2001391,4,2019-09-19 14:52:19
2136788,2000027,467,2019-09-19 15:45:42
2136789,2000027,15,2019-09-19 15:45:42
2136790,2000027,19,2019-09-19 15:45:42
2136791,2000062,4,2019-09-19 15:59:54
2136792,2000068,4,2019-09-19 16:00:34
2136793,2000114,13,2019-09-19 16:03:54
2136794,2000197,14,2019-09-19 16:04:27
2136795,2000229,7,2019-09-19 16:05:04
2136796,2000300,18,2019-09-19 16:06:07
2136797,2000313,4,2019-09-19 16:06:48
2136798,2000367,4,2019-09-19 16:38:57
2136799,2000373,4,2019-09-19 16:53:47
2136800,2000374,4,2019-09-19 16:54:32
2136801,2000402,4,2019-09-19 16:55:20
2136802,2000403,4,2019-09-19 16:56:43
2136803,2000404,4,2019-09-19 17:10:23
2136804,2000405,4,2019-09-19 17:10:57
2136805,2000406,4,2019-09-19 17:11:20
2136806,2000407,4,2019-09-19 17:11:50
2136807,2000443,13,2019-09-19 17:12:34
2136808,2000989,300,2019-09-22 14:56:21
2136809,2000997,4,2019-09-22 14:57:02
2136810,2001027,4,2019-09-22 14:57:41
2136811,2000012,14,2019-09-22 14:59:17
2136812,2000016,13,2019-09-22 14:59:59
2136814,2000154,10,2019-09-22 15:01:15
2136815,2000154,15,2019-09-22 15:01:15
2136816,2000179,13,2019-09-22 15:02:05
2136817,2000227,7,2019-09-22 15:09:05
2136819,2000250,4,2019-09-22 15:10:10
2136820,2000294,13,2019-09-22 15:12:16
2136821,2000360,4,2019-09-22 15:14:37
2136822,2000401,4,2019-09-22 15:15:09
2136823,2000608,14,2019-09-22 15:15:50
2136824,2000609,426,2019-09-22 15:16:24
2136825,2000672,4,2019-09-22 15:39:40
2136826,2000807,13,2019-09-22 16:02:10
2136827,2000811,13,2019-09-22 16:02:31
2136828,2000813,13,2019-09-22 16:02:52
2136829,2000815,13,2019-09-22 16:03:16
2136830,2000988,300,2019-09-22 16:03:40
2136831,2001024,4,2019-09-22 16:04:13
2136832,2001025,4,2019-09-22 16:05:03
2136833,2001026,4,2019-09-22 16:05:34
2136834,2001121,13,2019-09-22 16:06:09
2136835,2001271,4,2019-09-22 16:10:55
2136836,2000004,4,2019-09-22 16:11:31
2136837,2000071,28,2019-09-22 16:12:00
2136838,2000074,13,2019-09-22 16:12:29
2136840,2000369,13,2019-09-22 16:15:11
2136841,2000400,4,2019-09-22 16:15:48
2136842,2000600,4,2019-09-22 16:25:50
2136843,2000818,13,2019-09-22 16:26:40
2136844,2000987,300,2019-09-22 16:27:08
2136845,2001022,4,2019-09-22 16:27:31
2136846,2001028,4,2019-09-22 16:28:09
2136847,2001086,4,2019-09-22 16:28:47
2136848,2001088,4,2019-09-22 16:29:20
2136850,2001387,6,2019-09-22 16:31:54
2136851,2000073,4,2019-09-22 16:38:00
2136852,2000109,4,2019-09-22 16:38:18
2136853,2000139,13,2019-09-22 16:38:52
2136854,2000168,13,2019-09-22 16:47:45
2136855,2000180,6,2019-09-22 16:48:01
2136856,2000201,4,2019-09-22 16:48:21
2136857,2000215,14,2019-09-22 16:48:54
2136858,2000246,51,2019-09-22 16:49:53
2136860,2000348,10,2019-09-22 16:51:07
2136861,2000303,10,2019-09-22 16:51:31
2136862,2000363,4,2019-09-22 16:51:56
2136863,2000366,4,2019-09-22 16:52:26
2136864,2000375,4,2019-09-22 16:52:58
2136865,2000378,4,2019-09-22 16:53:23
2136866,2000480,13,2019-09-22 16:53:50
2136867,2000488,4,2019-09-22 16:54:19
2136868,2000536,15,2019-09-22 16:55:35
2136869,2000540,15,2019-09-22 16:56:05
2136870,2000560,15,2019-09-22 17:01:20
2136871,2000677,4,2019-09-22 17:01:56
2136872,2000678,4,2019-09-22 17:02:18
2136873,2000718,486,2019-09-22 17:02:55
2136874,2000802,13,2019-09-22 17:03:58
2136875,2000805,13,2019-09-22 17:04:36
2136876,2000810,13,2019-09-22 17:05:08
2136877,2000814,13,2019-09-22 17:05:39
2136878,2000817,13,2019-09-22 17:06:24
2136879,2000831,13,2019-09-22 17:06:53
2136880,2000996,4,2019-09-22 17:07:34
2136881,2001021,4,2019-09-22 17:08:09
2136882,2001023,4,2019-09-22 17:08:45
2136883,2001087,4,2019-09-22 17:09:26
2136884,2001167,15,2019-09-22 17:10:28
2136885,2001209,10,2019-09-22 17:17:17
2136886,2001245,28,2019-09-22 17:17:59
2136887,2001251,486,2019-09-22 17:18:27
2136888,2001252,486,2019-09-22 17:19:14
2136889,2001385,6,2019-09-22 17:20:20
2136891,2001413,22,2019-09-22 17:22:28
2136892,2000008,4,2019-09-22 17:22:57
2136893,2000032,13,2019-09-22 17:25:04
2136894,2000052,4,2019-09-22 17:25:30
2136895,2000061,4,2019-09-22 17:26:08
2136896,2000069,4,2019-09-22 17:29:16
2136897,2000127,486,2019-09-22 17:31:24
2136898,2000133,300,2019-09-22 17:31:58
2136899,2000137,300,2019-09-22 17:32:22
2136900,2000143,13,2019-09-22 17:32:48
2136901,2000190,15,2019-09-22 17:35:09
2136902,2000196,14,2019-09-22 17:35:37
2136903,2000202,4,2019-09-22 17:42:52
2136904,2000222,13,2019-09-22 17:43:22
2136905,2000223,13,2019-09-22 17:43:43
2136906,2000224,13,2019-09-22 17:44:04
2136907,2000225,13,2019-09-22 17:44:23
2136908,2000226,13,2019-09-22 17:44:45
2136909,2000304,19,2019-09-22 17:47:27
2136910,2000354,15,2019-09-22 17:48:13
2136911,2000365,4,2019-09-22 17:54:38
2136912,2000371,4,2019-09-22 17:55:21
2136913,2000372,4,2019-09-22 17:55:59
2136914,2000512,13,2019-10-10 14:04:01
2136915,2000591,13,2019-10-10 14:04:56
2136916,2000803,13,2019-10-10 14:05:38
2136917,2000812,13,2019-10-10 14:06:38
2136918,2000816,13,2019-10-10 14:07:08
2136919,2000076,13,2019-10-10 14:08:41
2136920,2000231,13,2019-10-10 14:09:29
2136921,2000710,13,2019-10-10 14:18:01
2136922,2000762,13,2019-10-10 14:18:36
2136923,2001103,13,2019-10-10 14:19:18
2136924,2001240,13,2019-10-10 14:19:45
2136925,2001304,13,2019-10-10 14:20:13
2136926,2001311,13,2019-10-10 14:23:31
2136927,2001325,6,2019-10-10 14:25:15
2136928,2001328,13,2019-10-10 14:26:03
2136929,2000958,22,2019-10-10 14:50:34
2136930,2000442,4,2019-10-10 14:54:43
2136931,2000733,4,2019-10-10 14:55:05
2136932,2001003,4,2019-10-10 15:01:40
2136933,2001020,4,2019-10-10 15:02:18
2136934,2001085,4,2019-10-10 15:05:13
2136935,2001151,4,2019-10-10 15:05:57
2136936,2001222,4,2019-10-10 15:06:23
2136937,2001223,4,2019-10-10 15:06:45
2136938,2001390,4,2019-10-10 15:07:37
2136939,2000053,4,2019-10-10 15:08:04
2136940,2000060,4,2019-10-10 15:08:24
2136941,2000106,4,2019-10-10 15:08:57
2136942,2000126,4,2019-10-10 15:09:19
2136943,2000185,4,2019-10-10 15:09:53
2136944,2000362,4,2019-10-10 15:10:38
2136945,2000364,4,2019-10-10 15:10:52
2136946,2000370,4,2019-10-10 15:11:30
2136947,2000379,4,2019-10-10 15:12:22
2136948,2000380,4,2019-10-10 15:13:02
2136949,2000502,4,2019-10-10 15:13:33
2136950,2000674,4,2019-10-10 15:14:10
2136951,2000795,4,2019-10-10 15:14:42
2136952,2001014,4,2019-10-10 15:15:07
2136953,2001015,4,2019-10-10 15:16:08
2136954,2001016,4,2019-10-10 15:16:44
2136955,2001031,4,2019-10-10 15:17:32
2136956,2001066,4,2019-11-05 12:55:54
2136957,2001067,4,2019-11-05 12:57:51
2136958,2001069,4,2019-11-05 13:03:09
2136959,2001071,4,2019-11-05 13:03:50
2136960,2001150,4,2019-11-05 13:04:24
2136961,2001182,4,2019-11-05 13:05:32
2136962,2001220,4,2019-11-05 13:05:56
2136963,2001221,4,2019-11-05 13:06:42
2136964,2001225,4,2019-11-05 13:11:31
2136965,2001340,4,2019-11-05 13:12:25
2136966,2000879,4,2019-11-05 13:15:42
2136967,2000939,4,2019-11-05 13:16:42
2136968,2001308,4,2019-11-05 13:17:03
2136969,2001312,4,2019-11-05 13:17:26
2136970,2001314,4,2019-11-05 13:18:02
2136971,2001317,4,2019-11-05 13:18:54
2136972,2001321,4,2019-11-05 13:19:25
2136973,2001322,4,2019-11-05 13:20:08
2136974,2001323,4,2019-11-05 13:20:37
2136975,2000746,19,2019-11-05 13:23:32
2136976,2000875,10,2019-11-05 13:24:23
2136977,2000269,426,2019-11-05 13:28:09
2136978,2000890,426,2019-11-05 13:28:48
2136980,2001302,426,2019-11-05 13:32:10
2136981,2000986,300,2019-11-05 13:32:51
2136982,2001282,300,2019-11-05 13:33:38
2136983,2001249,466,2019-11-05 13:34:21
2136984,2000079,14,2019-11-05 14:02:42
2136985,2000189,15,2019-11-05 14:04:01
2136986,2000526,15,2019-11-05 14:04:30
2136987,2000794,15,2019-11-05 14:05:04
2136988,2001319,15,2019-11-05 14:05:30
2136989,2001320,15,2019-11-05 14:06:01
2136990,2001324,15,2019-11-05 15:13:45
2136991,2001326,15,2019-11-05 15:14:13
2136992,2000565,15,2019-11-05 15:14:56
2136993,2000565,4,2019-11-05 15:14:56
2136994,2000425,6,2019-11-05 15:24:35
2136996,2001327,6,2019-11-05 15:31:44
2136997,2001327,13,2019-11-05 15:31:44
2136998,2001327,22,2019-11-05 15:31:44
2136999,2001384,6,2019-11-05 15:36:56
2137000,2000438,6,2019-11-05 16:14:30
2137002,2001399,6,2019-11-05 16:17:07
2137003,2000123,15,2020-02-06 17:24:28
2137004,2000629,487,2020-02-27 10:21:21
2137005,2001130,22,2020-02-27 10:30:35
2137006,2001251,4,2020-03-04 16:58:37
2137007,2000776,9,2020-03-04 17:01:20
2137008,2000776,324,2020-03-04 17:01:33
2137009,2140923,486,2020-06-16 16:05:24
2137010,2140927,486,2020-06-16 16:24:52
2137011,2140931,486,2020-06-16 16:47:56
2137012,2140933,486,2020-06-16 16:55:39
2137013,2140935,486,2020-06-16 17:03:24
2137014,2141014,4,2020-06-17 13:18:13
2137015,2141098,486,2020-06-17 16:12:07
2137016,2141342,486,2020-06-22 23:44:05
2137017,2141344,486,2020-06-22 23:58:54
2137018,2141933,486,2020-06-30 19:02:42
2137019,2142072,4,2020-07-02 14:38:30
2137020,2142135,28,2020-07-05 14:59:22
2137021,2142141,486,2020-07-05 16:09:40
2137022,2142143,486,2020-07-05 16:14:44
2137023,2142220,486,2020-07-06 12:34:15
2137024,2142223,486,2020-07-06 12:49:40
2137025,2142224,486,2020-07-06 13:03:36
2137026,2143516,486,2020-07-23 15:57:28
2137027,2143516,28,2020-07-23 15:57:28
2137028,2143534,4,2020-07-25 17:01:27
2137029,2143895,4,2020-07-29 16:20:08
2137030,2143999,4,2020-08-03 10:43:23
2137031,2144107,13,2020-08-04 14:16:35
2137032,2144695,22,2020-08-13 14:25:27
2137033,2144695,13,2020-08-13 14:25:27
2137034,2144696,15,2020-08-13 14:31:27
2137035,2145212,13,2020-08-23 16:03:08
2137036,2145503,13,2020-08-27 14:13:34
2137037,2000538,15,2020-09-09 12:41:33
2137038,2000155,10,2020-09-09 12:42:50
2137039,2000154,28,2020-09-09 12:44:14
2137040,2000518,9,2020-09-14 09:17:11
2137041,2000393,426,2020-09-21 10:34:26
2137042,2000609,13,2020-09-22 18:03:50
2137043,2000610,13,2020-09-22 18:05:00
2137044,2001407,14,2020-09-29 18:44:24
2137045,2001408,14,2020-09-29 18:44:40
2137046,2000348,51,2020-10-01 10:46:04
2137047,2000378,15,2020-10-01 12:44:34
2137048,2000185,13,2020-10-01 15:15:38
2137049,2001418,487,2020-10-01 15:31:39
2137050,2000775,4,2020-10-20 16:11:59
2137051,2001295,487,2020-10-26 08:45:31
2137052,2001089,4,2020-10-26 10:35:31
2137053,2001301,18,2020-10-26 18:04:44
2137054,2002318,6,2020-10-29 16:13:57
2137055,2000767,4,2020-11-02 18:26:43
2137056,2002342,4,2020-11-03 12:45:28
2137057,2073987,500,2020-11-03 17:04:45
2137058,2000648,51,2020-11-08 10:05:19
2137059,2149841,487,2020-11-24 17:36:58
2137060,2151346,467,2020-12-20 10:48:00
2137061,2151714,13,2020-12-24 19:53:16
2137062,2151978,467,2021-01-07 18:38:47
